Goal,Number of Players,Number of Rounds,End Result
[ ][ ][ ],2,9,Player 1 wins
[ ][ ][ ],2,6,Player 1 wins
[ ][ ][ ],2,1,Player 0 wins
[ ][ ][ ],2,6,Player 0 wins
[ ][ ][ ],2,11,Player 0 wins
[ ][ ][ ],2,3,Player 0 wins
[ ][ ][ ],2,8,Player 0 wins
[ ][ ][ ],2,1,Player 0 wins
[ ][ ][ ],2,1,Player 0 wins
[ ][ ][ ],2,2,Player 0 wins
[ ][ ][ ],2,2,Player 0 wins
[ ][ ][ ],2,5,Player 0 wins
[ ][ ][ ],2,6,Player 1 wins
[ ][ ][ ],2,5,Player 1 wins
[ ][ ][ ],2,5,Player 1 wins
[ ][ ][ ],2,1,Player 1 wins
[ ][ ][ ],2,1,Player 1 wins
[ ][ ][ ],2,1,Player 1 wins
[ ][ ][ ],2,2,Player 0 wins
[ ][ ][ ],2,2,Player 0 wins
[ ][ ][ ],2,8,Player 0 wins
[ ][ ][ ],2,5,Player 0 wins
[ ][ ][ ],2,5,Player 0 wins
[ ][ ][ ],2,7,Player 0 wins
[ ][ ][ ],2,5,Player 0 wins
[ ][ ][ ],2,8,Player 1 wins
[ ][ ][ ],2,7,Player 1 wins
[ ][ ][ ],2,5,Player 1 wins
[ ][ ][ ],2,1,Player 0 wins
[ ][ ][ ],2,1,Player 0 wins
[ ][ ][ ],2,9,Player 1 wins
[ ][ ][ ],2,10,Player 0 wins
[ ][ ][ ],2,2,Player 0 wins
[ ][ ][ ],2,2,Player 0 wins
[ ][ ][ ],2,2,Player 0 wins
[ ][ ][ ],2,10,Player 1 wins
[ ][ ][ ],2,4,Player 0 wins
[ ][ ][ ],2,4,Player 0 wins
[ ][ ][ ],2,8,Player 1 wins
[ ][ ][ ],2,4,Player 0 wins
[ ][ ][ ],2,6,Player 0 wins
[ ][ ][ ],2,1,Player 1 wins
[ ][ ][ ],2,1,Player 1 wins
[ ][ ][ ],2,1,Player 1 wins
[ ][ ][ ],2,6,Player 1 wins
[ ][ ][ ],2,11,Player 0 wins
[ ][ ][ ],2,5,Player 1 wins
[ ][ ][ ],2,5,Player 1 wins
[ ][ ][ ],2,5,Player 1 wins
[ ][ ][ ],2,5,Player 1 wins
[ ][ ][ ],2,5,Player 1 wins
[ ][ ][ ],2,5,Player 1 wins
[ ][ ][ ],2,5,Player 1 wins
[ ][ ][ ],2,5,Player 1 wins
[ ][ ][ ],2,5,Player 1 wins
[ ][ ][ ],2,5,Player 1 wins
[ ][ ][ ],2,5,Player 1 wins
[ ][ ][ ],2,5,Player 1 wins
[ ][ ][ ],2,5,Player 1 wins
[ ][ ][ ],2,5,Player 1 wins
[ ][ ][ ],2,5,Player 1 wins
[ ][ ][ ],2,3,Player 1 wins
[ ][ ][ ],2,3,Player 1 wins
[ ][ ][ ],2,3,Player 1 wins
[ ][ ][ ],2,3,Player 1 wins
[ ][ ][ ],2,3,Player 1 wins
[ ][ ][ ],2,3,Player 1 wins
[ ][ ][ ],2,3,Player 1 wins
[ ][ ][ ],2,3,Player 1 wins
[ ][ ][ ],2,3,Player 1 wins
[ ][ ][ ],2,3,Player 1 wins
[ ][ ][ ],2,3,Player 1 wins
[ ][ ][ ],2,3,Player 1 wins
[ ][ ][ ],2,3,Player 1 wins
[ ][ ][ ],2,3,Player 1 wins
[ ][ ][ ],2,3,Player 1 wins
[ ][ ][ ],2,3,Player 1 wins
[ ][ ][ ],2,3,Player 1 wins
[ ][ ][ ],2,3,Player 1 wins
[ ][ ][ ],2,3,Player 1 wins
[ ][ ][ ],2,3,Player 1 wins
[ ][ ][ ],2,3,Player 1 wins
[ ][ ][ ],2,5,Player 0 wins
[ ][ ][ ],2,13,Player 0 wins
[ ][ ][ ],2,1,Player 0 wins
[ ][ ][ ],2,1,Player 0 wins
[ ][ ][ ],2,1,Player 0 wins
[ ][ ][ ],2,1,Player 0 wins
[ ][ ][ ],2,5,Player 0 wins
[ ][ ][ ],2,5,Player 0 wins
[ ][ ][ ],2,1,Player 1 wins
[ ][ ][ ],2,1,Player 1 wins
[ ][ ][ ],2,8,Player 0 wins
[ ][ ][ ],2,11,Player 1 wins
[ ][ ][ ],2,14,Player 1 wins
[ ][ ][ ],2,1,Player 0 wins
[ ][ ][ ],2,1,Player 0 wins
[ ][ ][ ],2,1,Player 0 wins
[ ][ ][ ],2,8,Player 1 wins
[ ][ ][ ],2,5,Player 1 wins
[ ][ ][ ],2,5,Player 1 wins
[ ][ ][ ],2,4,Player 0 wins
[ ][ ][ ],2,4,Player 0 wins
[ ][ ][ ],2,4,Player 0 wins
[ ][ ][ ],2,6,Player 0 wins
[ ][ ][ ],2,6,Player 0 wins
[ ][ ][ ],2,6,Player 1 wins
[ ][ ][ ],2,3,Player 1 wins
[ ][ ][ ],2,3,Player 1 wins
[ ][ ][ ],2,4,Player 0 wins
[ ][ ][ ],2,4,Player 0 wins
[ ][ ][ ],2,2,Player 0 wins
[ ][ ][ ],2,2,Player 0 wins
[ ][ ][ ],2,2,Player 0 wins
[ ][ ][ ],2,2,Player 0 wins
[ ][ ][ ],2,4,Player 0 wins
[ ][ ][ ],2,4,Player 0 wins
[ ][ ][ ],2,4,Player 0 wins
[ ][ ][ ],2,2,Player 0 wins
[ ][ ][ ],2,2,Player 0 wins
[ ][ ][ ],2,2,Player 0 wins
[ ][ ][ ],2,2,Player 0 wins
[ ][ ][ ],2,1,Player 0 wins
[ ][ ][ ],2,1,Player 0 wins
[ ][ ][ ],2,1,Player 0 wins
[ ][ ][ ],2,1,Player 0 wins
[ ][ ][ ],2,1,Player 0 wins
[ ][ ][ ],2,2,Player 1 wins
[ ][ ][ ],2,2,Player 1 wins
[ ][ ][ ],2,2,Player 1 wins
[ ][ ][ ],2,2,Player 1 wins
[ ][ ][ ],2,1,Player 0 wins
[ ][ ][ ],2,1,Player 0 wins
[ ][ ][ ],2,1,Player 0 wins
[ ][ ][ ],2,1,Player 0 wins
[ ][ ][ ],2,5,Player 0 wins
[ ][ ][ ],2,5,Player 0 wins
[ ][ ][ ],2,5,Player 0 wins
[ ][ ][ ],2,6,Player 0 wins
[ ][ ][ ],2,9,Player 0 wins
[ ][ ][ ],2,7,Player 0 wins
[ ][ ][ ],2,2,Player 0 wins
[ ][ ][ ],2,2,Player 0 wins
[ ][ ][ ],2,2,Player 0 wins
[ ][ ][ ],2,9,Player 1 wins
[ ][ ][ ],2,9,Player 0 wins
[ ][ ][ ],2,7,Player 0 wins
[ ][ ][ ],2,2,Player 1 wins
[ ][ ][ ],2,8,Player 1 wins
[ ][ ][ ],2,8,Player 1 wins
[ ][ ][ ],2,1,Player 1 wins
[ ][ ][ ],2,1,Player 1 wins
[ ][ ][ ],2,1,Player 0 wins
[ ][ ][ ],2,1,Player 0 wins
[ ][ ][ ],2,8,Player 1 wins
[ ][ ][ ],2,5,Player 1 wins
[ ][ ][ ],2,5,Player 1 wins
[ ][ ][ ],2,3,Player 1 wins
[ ][ ][ ],2,3,Player 1 wins
[ ][ ][ ],2,3,Player 0 wins
[ ][ ][ ],2,3,Player 0 wins
[ ][ ][ ],2,3,Player 0 wins
[ ][ ][ ],2,4,Player 1 wins
[ ][ ][ ],2,3,Player 1 wins
[ ][ ][ ],2,3,Player 1 wins
[ ][ ][ ],2,9,Player 0 wins
[ ][ ][ ],2,1,Player 1 wins
[ ][ ][ ],2,1,Player 1 wins
[ ][ ][ ],2,1,Player 1 wins
[ ][ ][ ],2,1,Player 1 wins
[ ][ ][ ],2,1,Player 1 wins
[ ][ ][ ],2,5,Player 1 wins
[ ][ ][ ],2,12,Player 1 wins
[ ][ ][ ],2,3,Player 0 wins
[ ][ ][ ],2,5,Player 0 wins
[ ][ ][ ],2,5,Player 0 wins
[ ][ ][ ],2,5,Player 0 wins
[ ][ ][ ],2,5,Player 0 wins
[ ][ ][ ],2,3,Player 0 wins
[ ][ ][ ],2,3,Player 0 wins
[ ][ ][ ],2,1,Player 1 wins
[ ][ ][ ],2,1,Player 1 wins
[ ][ ][ ],2,3,Player 0 wins
[ ][ ][ ],2,3,Player 0 wins
[ ][ ][ ],2,8,Player 1 wins
[ ][ ][ ],2,7,Player 0 wins
[ ][ ][ ],2,9,Player 0 wins
[ ][ ][ ],2,5,Player 1 wins
[ ][ ][ ],2,5,Player 1 wins
[ ][ ][ ],2,5,Player 1 wins
[ ][ ][ ],2,3,Player 0 wins
[ ][ ][ ],2,3,Player 0 wins
[ ][ ][ ],2,7,Player 0 wins
[ ][ ][ ],2,2,Player 1 wins
[ ][ ][ ],2,2,Player 1 wins
[ ][ ][ ],2,2,Player 1 wins
[ ][ ][ ],2,8,Player 1 wins
[ ][ ][ ],2,5,Player 1 wins
[ ][ ][ ],2,1,Player 1 wins
[ ][ ][ ],2,5,Player 0 wins
[ ][ ][ ],2,5,Player 0 wins
[ ][ ][ ],2,4,Player 1 wins
[ ][ ][ ],2,4,Player 1 wins
[ ][ ][ ],2,3,Player 1 wins
[ ][ ][ ],2,3,Player 1 wins
[ ][ ][ ],2,3,Player 1 wins
[ ][ ][ ],2,3,Player 1 wins
[ ][ ][ ],2,6,Player 1 wins
[ ][ ][ ],2,4,Player 0 wins
[ ][ ][ ],2,4,Player 0 wins
[ ][ ][ ],2,7,Player 0 wins
[ ][ ][ ],2,11,Player 1 wins
[ ][ ][ ],2,5,Player 0 wins
[ ][ ][ ],2,2,Player 1 wins
[ ][ ][ ],2,2,Player 1 wins
[ ][ ][ ],2,2,Player 1 wins
[ ][ ][ ],2,5,Player 1 wins
[ ][ ][ ],2,4,Player 1 wins
[ ][ ][ ],2,9,Player 1 wins
[ ][ ][ ],2,1,Player 0 wins
[ ][ ][ ],2,8,Player 0 wins
[ ][ ][ ],2,5,Player 0 wins
[ ][ ][ ],2,4,Player 1 wins
[ ][ ][ ],2,4,Player 1 wins
[ ][ ][ ],2,4,Player 1 wins
[ ][ ][ ],2,4,Player 0 wins
[ ][ ][ ],2,4,Player 0 wins
[ ][ ][ ],2,4,Player 0 wins
[ ][ ][ ],2,3,Player 1 wins
[ ][ ][ ],2,3,Player 1 wins
[ ][ ][ ],2,8,Player 0 wins
[ ][ ][ ],2,5,Player 1 wins
[ ][ ][ ],2,5,Player 1 wins
[ ][ ][ ],2,5,Player 0 wins
[ ][ ][ ],2,8,Player 0 wins
[ ][ ][ ],2,3,Player 1 wins
[ ][ ][ ],2,3,Player 1 wins
[ ][ ][ ],2,1,Player 0 wins
[ ][ ][ ],2,1,Player 0 wins
[ ][ ][ ],2,1,Player 0 wins
[ ][ ][ ],2,1,Player 0 wins
[ ][ ][ ],2,9,Player 1 wins
[ ][ ][ ],2,4,Player 1 wins
[ ][ ][ ],2,4,Player 1 wins
[ ][ ][ ],2,10,Player 0 wins
[ ][ ][ ],2,6,Player 1 wins
[ ][ ][ ],2,6,Player 1 wins
[ ][ ][ ],2,2,Player 0 wins
[ ][ ][ ],2,2,Player 0 wins
[ ][ ][ ],2,2,Player 0 wins
[ ][ ][ ],2,2,Player 0 wins
[ ][ ][ ],2,2,Player 0 wins
[ ][ ][ ],2,7,Player 1 wins
[ ][ ][ ],2,4,Player 0 wins
[ ][ ][ ],2,5,Player 1 wins
[ ][ ][ ],2,3,Player 0 wins
[ ][ ][ ],2,3,Player 0 wins
[ ][ ][ ],2,3,Player 0 wins
[ ][ ][ ],2,2,Player 0 wins
[ ][ ][ ],2,2,Player 0 wins
[ ][ ][ ],2,2,Player 0 wins
[ ][ ][ ],2,1,Player 1 wins
[ ][ ][ ],2,1,Player 1 wins
[ ][ ][ ],2,1,Player 1 wins
[ ][ ][ ],2,1,Player 1 wins
[ ][ ][ ],2,6,Player 0 wins
[ ][ ][ ],2,6,Player 0 wins
[ ][ ][ ],2,2,Player 0 wins
[ ][ ][ ],2,2,Player 0 wins
[ ][ ][ ],2,3,Player 1 wins
[ ][ ][ ],2,3,Player 1 wins
[ ][ ][ ],2,3,Player 1 wins
[ ][ ][ ],2,10,Player 0 wins
[ ][ ][ ],2,9,Player 1 wins
[ ][ ][ ],2,8,Player 0 wins
[ ][ ][ ],2,1,Player 0 wins
[ ][ ][ ],2,7,Player 0 wins
[ ][ ][ ],2,7,Player 0 wins
[ ][ ][ ],2,5,Player 1 wins
[ ][ ][ ],2,1,Player 1 wins
[ ][ ][ ],2,1,Player 1 wins
[ ][ ][ ],2,1,Player 1 wins
[ ][ ][ ],2,1,Player 1 wins
[ ][ ][ ],2,1,Player 1 wins
[ ][ ][ ],2,1,Player 1 wins
[ ][ ][ ],2,1,Player 1 wins
[ ][ ][ ],2,1,Player 1 wins
[ ][ ][ ],2,1,Player 1 wins
[ ][ ][ ],2,1,Player 1 wins
[ ][ ][ ],2,1,Player 1 wins
[ ][ ][ ],2,1,Player 1 wins
[ ][ ][ ],2,1,Player 1 wins
[ ][ ][ ],2,1,Player 1 wins
[ ][ ][ ],2,1,Player 1 wins
[ ][ ][ ],2,1,Player 1 wins
[ ][ ][ ],2,1,Player 1 wins
[ ][ ][ ],2,1,Player 1 wins
[ ][ ][ ],2,1,Player 1 wins
[ ][ ][ ],2,1,Player 1 wins
[ ][ ][ ],2,1,Player 1 wins
[ ][ ][ ],3,1,Player 1 wins
[ ][ ][ ],3,1,Player 1 wins
[ ][ ][ ],3,2,Player 0 wins
[ ][ ][ ],3,2,Player 0 wins
[ ][ ][ ],3,2,Player 0 wins
[ ][ ][ ],3,2,Player 0 wins
[ ][ ][ ],3,2,Player 0 wins
[ ][ ][ ],3,2,Player 0 wins
[ ][ ][ ],3,2,Player 0 wins
[ ][ ][ ],3,2,Player 0 wins
[ ][ ][ ],3,2,Player 0 wins
[ ][ ][ ],3,2,Player 0 wins
[ ][ ][ ],3,2,Player 0 wins
[ ][ ][ ],3,3,Player 1 wins
[ ][ ][ ],3,3,Player 1 wins
[ ][ ][ ],3,3,Player 1 wins
[ ][ ][ ],3,3,Player 1 wins
[ ][ ][ ],3,3,Player 1 wins
[ ][ ][ ],3,3,Player 1 wins
[ ][ ][ ],3,3,Player 1 wins
[ ][ ][ ],3,3,Player 1 wins
[ ][ ][ ],3,3,Player 1 wins
[ ][ ][ ],3,3,Player 1 wins
[ ][ ][ ],3,3,Player 1 wins
[ ][ ][ ],3,3,Player 1 wins
[ ][ ][ ],3,4,Player 0 wins
[ ][ ][ ],3,4,Player 0 wins
[ ][ ][ ],3,7,Player 1 wins
[ ][ ][ ],3,2,Player 0 wins
[ ][ ][ ],3,2,Player 0 wins
[ ][ ][ ],3,2,Player 0 wins
[ ][ ][ ],3,4,Player 0 wins
[ ][ ][ ],3,7,Player 2 wins
[ ][ ][ ],3,2,Player 0 wins
[ ][ ][ ],3,3,Player 1 wins
[ ][ ][ ],3,3,Player 1 wins
[ ][ ][ ],3,1,Player 2 wins
[ ][ ][ ],3,1,Player 2 wins
[ ][ ][ ],3,3,Player 0 wins
[ ][ ][ ],3,3,Player 0 wins
[ ][ ][ ],3,3,Player 0 wins
[ ][ ][ ],3,4,Player 1 wins
[ ][ ][ ],3,4,Player 1 wins
[ ][ ][ ],3,4,Player 1 wins
[ ][ ][ ],3,6,Player 1 wins
[ ][ ][ ],3,6,Player 0 wins
[ ][ ][ ],3,8,Player 1 wins
[ ][ ][ ],3,2,Player 2 wins
[ ][ ][ ],3,2,Player 2 wins
[ ][ ][ ],3,6,Player 0 wins
[ ][ ][ ],3,6,Player 1 wins
[ ][ ][ ],3,8,Player 1 wins
[ ][ ][ ],3,2,Player 1 wins
[ ][ ][ ],3,2,Player 1 wins
[ ][ ][ ],3,6,Player 2 wins
[ ][ ][ ],3,2,Player 2 wins
[ ][ ][ ],3,2,Player 2 wins
[ ][ ][ ],3,4,Player 0 wins
[ ][ ][ ],3,4,Player 0 wins
[ ][ ][ ],3,3,Player 1 wins
[ ][ ][ ],3,3,Player 1 wins
[ ][ ][ ],3,5,Player 0 wins
[ ][ ][ ],3,5,Player 0 wins
[ ][ ][ ],3,5,Player 1 wins
[ ][ ][ ],3,5,Player 1 wins
[ ][ ][ ],3,1,Player 1 wins
[ ][ ][ ],3,1,Player 1 wins
[ ][ ][ ],3,2,Player 0 wins
[ ][ ][ ],3,4,Player 1 wins
[ ][ ][ ],3,4,Player 1 wins
[ ][ ][ ],3,2,Player 2 wins
[ ][ ][ ],3,2,Player 2 wins
[ ][ ][ ],3,2,Player 2 wins
[ ][ ][ ],3,7,Player 2 wins
[ ][ ][ ],3,1,Player 0 wins
[ ][ ][ ],3,1,Player 0 wins
[ ][ ][ ],3,1,Player 0 wins
[ ][ ][ ],3,8,Player 2 wins
[ ][ ][ ],3,2,Player 1 wins
[ ][ ][ ],3,2,Player 1 wins
[ ][ ][ ],3,2,Player 1 wins
[ ][ ][ ],3,2,Player 1 wins
[ ][ ][ ],3,2,Player 1 wins
[ ][ ][ ],3,4,Player 0 wins
[ ][ ][ ],3,4,Player 0 wins
[ ][ ][ ],3,3,Player 1 wins
[ ][ ][ ],3,5,Player 1 wins
[ ][ ][ ],3,8,Player 0 wins
[ ][ ][ ],3,1,Player 0 wins
[ ][ ][ ],3,9,Player 1 wins
[ ][ ][ ],3,4,Player 2 wins
[ ][ ][ ],3,1,Player 2 wins
[ ][ ][ ],3,1,Player 2 wins
[ ][ ][ ],3,1,Player 1 wins
[ ][ ][ ],3,1,Player 1 wins
[ ][ ][ ],3,1,Player 1 wins
[ ][ ][ ],3,1,Player 1 wins
[ ][ ][ ],3,1,Player 2 wins
[ ][ ][ ],3,1,Player 2 wins
[ ][ ][ ],3,1,Player 1 wins
[ ][ ][ ],3,1,Player 1 wins
[ ][ ][ ],3,1,Player 1 wins
[ ][ ][ ],3,2,Player 0 wins
[ ][ ][ ],3,2,Player 0 wins
[ ][ ][ ],3,2,Player 0 wins
[ ][ ][ ],3,2,Player 2 wins
[ ][ ][ ],3,2,Player 2 wins
[ ][ ][ ],3,1,Player 1 wins
[ ][ ][ ],3,1,Player 1 wins
[ ][ ][ ],3,1,Player 1 wins
[ ][ ][ ],3,1,Player 1 wins
[ ][ ][ ],3,3,Player 1 wins
[ ][ ][ ],3,3,Player 1 wins
[ ][ ][ ],3,1,Player 0 wins
[ ][ ][ ],3,1,Player 0 wins
[ ][ ][ ],3,1,Player 0 wins
[ ][ ][ ],3,1,Player 0 wins
[ ][ ][ ],3,1,Player 1 wins
[ ][ ][ ],3,1,Player 1 wins
[ ][ ][ ],3,1,Player 1 wins
[ ][ ][ ],3,2,Player 2 wins
[ ][ ][ ],3,2,Player 2 wins
[ ][ ][ ],3,1,Player 0 wins
[ ][ ][ ],3,1,Player 0 wins
[ ][ ][ ],3,6,Player 1 wins
[ ][ ][ ],3,3,Player 2 wins
[ ][ ][ ],3,2,Player 1 wins
[ ][ ][ ],3,2,Player 1 wins
[ ][ ][ ],3,5,Player 0 wins
[ ][ ][ ],3,4,Player 1 wins
[ ][ ][ ],3,2,Player 2 wins
[ ][ ][ ],3,7,Player 2 wins
[ ][ ][ ],3,7,Player 2 wins
[ ][ ][ ],3,4,Player 1 wins
[ ][ ][ ],3,5,Player 2 wins
[ ][ ][ ],3,5,Player 2 wins
[ ][ ][ ],3,1,Player 1 wins
[ ][ ][ ],3,1,Player 1 wins
[ ][ ][ ],3,1,Player 0 wins
[ ][ ][ ],3,1,Player 0 wins
[ ][ ][ ],3,1,Player 0 wins
[ ][ ][ ],3,7,Player 1 wins
[ ][ ][ ],3,3,Player 1 wins
[ ][ ][ ],3,1,Player 2 wins
[ ][ ][ ],3,1,Player 2 wins
[ ][ ][ ],3,1,Player 2 wins
[ ][ ][ ],3,6,Player 0 wins
[ ][ ][ ],3,2,Player 1 wins
[ ][ ][ ],3,2,Player 1 wins
[ ][ ][ ],3,6,Player 2 wins
[ ][ ][ ],3,5,Player 0 wins
[ ][ ][ ],3,4,Player 0 wins
[ ][ ][ ],3,1,Player 1 wins
[ ][ ][ ],3,1,Player 1 wins
[ ][ ][ ],3,3,Player 0 wins
[ ][ ][ ],3,2,Player 0 wins
[ ][ ][ ],3,4,Player 2 wins
[ ][ ][ ],3,8,Player 0 wins
[ ][ ][ ],3,5,Player 0 wins
[ ][ ][ ],3,9,Player 0 wins
[ ][ ][ ],3,5,Player 2 wins
[ ][ ][ ],3,3,Player 0 wins
[ ][ ][ ],3,1,Player 0 wins
[ ][ ][ ],3,1,Player 0 wins
[ ][ ][ ],3,2,Player 0 wins
[ ][ ][ ],3,2,Player 0 wins
[ ][ ][ ],3,2,Player 0 wins
[ ][ ][ ],3,4,Player 2 wins
[ ][ ][ ],3,4,Player 2 wins
[ ][ ][ ],3,1,Player 2 wins
[ ][ ][ ],3,6,Player 2 wins
[ ][ ][ ],3,6,Player 0 wins
[ ][ ][ ],3,6,Player 2 wins
[ ][ ][ ],3,6,Player 2 wins
[ ][ ][ ],3,3,Player 1 wins
[ ][ ][ ],3,7,Player 2 wins
[ ][ ][ ],3,7,Player 0 wins
[ ][ ][ ],3,8,Player 2 wins
[ ][ ][ ],3,4,Player 0 wins
[ ][ ][ ],3,4,Player 0 wins
[ ][ ][ ],3,4,Player 0 wins
[ ][ ][ ],3,7,Player 1 wins
[ ][ ][ ],3,6,Player 0 wins
[ ][ ][ ],3,3,Player 1 wins
[ ][ ][ ],3,2,Player 1 wins
[ ][ ][ ],3,2,Player 1 wins
[ ][ ][ ],3,5,Player 2 wins
[ ][ ][ ],3,2,Player 0 wins
[ ][ ][ ],3,2,Player 0 wins
[ ][ ][ ],3,7,Player 0 wins
[ ][ ][ ],3,1,Player 2 wins
[ ][ ][ ],3,7,Player 1 wins
[ ][ ][ ],3,4,Player 0 wins
[ ][ ][ ],3,2,Player 1 wins
[ ][ ][ ],3,2,Player 1 wins
[ ][ ][ ],3,6,Player 2 wins
[ ][ ][ ],3,4,Player 0 wins
[ ][ ][ ],3,4,Player 0 wins
[ ][ ][ ],3,5,Player 0 wins
[ ][ ][ ],3,2,Player 2 wins
[ ][ ][ ],3,2,Player 2 wins
[ ][ ][ ],3,2,Player 2 wins
[ ][ ][ ],3,7,Player 2 wins
[ ][ ][ ],3,2,Player 2 wins
[ ][ ][ ],3,2,Player 2 wins
[ ][ ][ ],3,1,Player 1 wins
[ ][ ][ ],3,1,Player 1 wins
[ ][ ][ ],3,1,Player 1 wins
[ ][ ][ ],3,7,Player 1 wins
[ ][ ][ ],3,5,Player 0 wins
[ ][ ][ ],3,5,Player 2 wins
[ ][ ][ ],3,6,Player 2 wins
[ ][ ][ ],3,3,Player 2 wins
[ ][ ][ ],3,3,Player 2 wins
[ ][ ][ ],3,6,Player 0 wins
[ ][ ][ ],3,4,Player 2 wins
[ ][ ][ ],3,4,Player 2 wins
[ ][ ][ ],3,2,Player 2 wins
[ ][ ][ ],3,2,Player 2 wins
[ ][ ][ ],3,2,Player 2 wins
[ ][ ][ ],3,1,Player 1 wins
[ ][ ][ ],3,1,Player 1 wins
[ ][ ][ ],3,1,Player 1 wins
[ ][ ][ ],3,2,Player 0 wins
[ ][ ][ ],3,2,Player 0 wins
[ ][ ][ ],3,3,Player 0 wins
[ ][ ][ ],3,3,Player 0 wins
[ ][ ][ ],3,2,Player 2 wins
[ ][ ][ ],3,2,Player 2 wins
[ ][ ][ ],3,3,Player 0 wins
[ ][ ][ ],3,4,Player 2 wins
[ ][ ][ ],3,1,Player 1 wins
[ ][ ][ ],3,1,Player 1 wins
[ ][ ][ ],3,1,Player 1 wins
[ ][ ][ ],3,1,Player 1 wins
[ ][ ][ ],3,1,Player 1 wins
[ ][ ][ ],3,1,Player 1 wins
[ ][ ][ ],3,1,Player 0 wins
[ ][ ][ ],3,1,Player 0 wins
[ ][ ][ ],3,1,Player 0 wins
[ ][ ][ ],3,7,Player 2 wins
[ ][ ][ ],3,7,Player 1 wins
[ ][ ][ ],3,1,Player 0 wins
[ ][ ][ ],3,13,Player 1 wins
[ ][ ][ ],3,1,Player 1 wins
[ ][ ][ ],3,1,Player 1 wins
[ ][ ][ ],3,1,Player 1 wins
[ ][ ][ ],3,5,Player 1 wins
[ ][ ][ ],3,8,Player 2 wins
[ ][ ][ ],3,3,Player 0 wins
[ ][ ][ ],3,3,Player 0 wins
[ ][ ][ ],3,3,Player 0 wins
[ ][ ][ ],3,5,Player 0 wins
[ ][ ][ ],3,5,Player 0 wins
[ ][ ][ ],3,2,Player 0 wins
[ ][ ][ ],3,7,Player 1 wins
[ ][ ][ ],3,1,Player 0 wins
[ ][ ][ ],3,5,Player 1 wins
[ ][ ][ ],3,3,Player 0 wins
[ ][ ][ ],3,3,Player 0 wins
[ ][ ][ ],3,4,Player 0 wins
[ ][ ][ ],3,4,Player 0 wins
[ ][ ][ ],3,6,Player 2 wins
[ ][ ][ ],3,1,Player 1 wins
[ ][ ][ ],3,7,Player 2 wins
[ ][ ][ ],3,3,Player 1 wins
[ ][ ][ ],3,3,Player 1 wins
[ ][ ][ ],3,1,Player 0 wins
[ ][ ][ ],3,1,Player 0 wins
[ ][ ][ ],3,1,Player 0 wins
[ ][ ][ ],3,6,Player 0 wins
[ ][ ][ ],3,7,Player 1 wins
[ ][ ][ ],3,5,Player 2 wins
[ ][ ][ ],3,2,Player 2 wins
[ ][ ][ ],3,2,Player 2 wins
[ ][ ][ ],3,2,Player 2 wins
[ ][ ][ ],3,6,Player 1 wins
[ ][ ][ ],3,1,Player 1 wins
[ ][ ][ ],3,1,Player 1 wins
[ ][ ][ ],3,2,Player 2 wins
[ ][ ][ ],3,2,Player 2 wins
[ ][ ][ ],3,3,Player 2 wins
[ ][ ][ ],3,3,Player 2 wins
[ ][ ][ ],3,1,Player 0 wins
[ ][ ][ ],3,1,Player 0 wins
[ ][ ][ ],3,1,Player 0 wins
[ ][ ][ ],3,5,Player 0 wins
[ ][ ][ ],3,2,Player 1 wins
[ ][ ][ ],3,2,Player 1 wins
[ ][ ][ ],3,2,Player 1 wins
[ ][ ][ ],3,1,Player 1 wins
[ ][ ][ ],3,1,Player 1 wins
[ ][ ][ ],3,2,Player 1 wins
[ ][ ][ ],3,2,Player 1 wins
[ ][ ][ ],3,1,Player 0 wins
[ ][ ][ ],3,1,Player 0 wins
[ ][ ][ ],3,1,Player 0 wins
[ ][ ][ ],3,4,Player 2 wins
[ ][ ][ ],3,4,Player 2 wins
[ ][ ][ ],3,1,Player 2 wins
[ ][ ][ ],4,2,Player 2 wins
[ ][ ][ ],4,2,Player 2 wins
[ ][ ][ ],4,1,Player 0 wins
[ ][ ][ ],4,1,Player 0 wins
[ ][ ][ ],4,1,Player 0 wins
[ ][ ][ ],4,7,Player 1 wins
[ ][ ][ ],4,4,Player 2 wins
[ ][ ][ ],4,4,Player 1 wins
[ ][ ][ ],4,4,Player 0 wins
[ ][ ][ ],4,9,Player 1 wins
[ ][ ][ ],4,1,Player 2 wins
[ ][ ][ ],4,1,Player 0 wins
[ ][ ][ ],4,1,Player 0 wins
[ ][ ][ ],4,1,Player 0 wins
[ ][ ][ ],4,2,Player 0 wins
[ ][ ][ ],4,2,Player 0 wins
[ ][ ][ ],4,4,Player 1 wins
[ ][ ][ ],4,1,Player 3 wins
[ ][ ][ ],4,1,Player 3 wins
[ ][ ][ ],4,1,Player 3 wins
[ ][ ][ ],4,1,Player 3 wins
[ ][ ][ ],4,2,Player 1 wins
[ ][ ][ ],4,2,Player 1 wins
[ ][ ][ ],4,2,Player 2 wins
[ ][ ][ ],4,2,Player 2 wins
[ ][ ][ ],4,2,Player 2 wins
[ ][ ][ ],4,2,Player 3 wins
[ ][ ][ ],4,2,Player 3 wins
[ ][ ][ ],4,5,Player 1 wins
[ ][ ][ ],4,4,Player 1 wins
[ ][ ][ ],4,1,Player 1 wins
[ ][ ][ ],4,1,Player 1 wins
[ ][ ][ ],4,1,Player 1 wins
[ ][ ][ ],4,1,Player 0 wins
[ ][ ][ ],4,1,Player 0 wins
[ ][ ][ ],4,3,Player 0 wins
[ ][ ][ ],4,3,Player 0 wins
[ ][ ][ ],4,1,Player 1 wins
[ ][ ][ ],4,1,Player 1 wins
[ ][ ][ ],4,1,Player 1 wins
[ ][ ][ ],4,3,Player 1 wins
[ ][ ][ ],4,3,Player 1 wins
[ ][ ][ ],4,3,Player 1 wins
[ ][ ][ ],4,5,Player 0 wins
[ ][ ][ ],4,3,Player 0 wins
[ ][ ][ ],4,3,Player 0 wins
[ ][ ][ ],4,3,Player 0 wins
[ ][ ][ ],4,3,Player 0 wins
[ ][ ][ ],4,4,Player 1 wins
[ ][ ][ ],4,4,Player 1 wins
[ ][ ][ ],4,4,Player 0 wins
[ ][ ][ ],4,3,Player 0 wins
[ ][ ][ ],4,5,Player 2 wins
[ ][ ][ ],4,1,Player 0 wins
[ ][ ][ ],4,4,Player 2 wins
[ ][ ][ ],4,4,Player 2 wins
[ ][ ][ ],4,2,Player 3 wins
[ ][ ][ ],4,4,Player 0 wins
[ ][ ][ ],4,4,Player 0 wins
[ ][ ][ ],4,4,Player 1 wins
[ ][ ][ ],4,1,Player 1 wins
[ ][ ][ ],4,4,Player 2 wins
[ ][ ][ ],4,3,Player 2 wins
[ ][ ][ ],4,1,Player 3 wins
[ ][ ][ ],4,1,Player 3 wins
[ ][ ][ ],4,7,Player 1 wins
[ ][ ][ ],4,4,Player 2 wins
[ ][ ][ ],4,2,Player 1 wins
[ ][ ][ ],4,3,Player 1 wins
[ ][ ][ ],4,3,Player 2 wins
[ ][ ][ ],4,3,Player 2 wins
[ ][ ][ ],4,1,Player 0 wins
[ ][ ][ ],4,1,Player 0 wins
[ ][ ][ ],4,1,Player 2 wins
[ ][ ][ ],4,1,Player 2 wins
[ ][ ][ ],4,1,Player 2 wins
[ ][ ][ ],4,2,Player 2 wins
[ ][ ][ ],4,2,Player 2 wins
[ ][ ][ ],4,1,Player 0 wins
[ ][ ][ ],4,1,Player 0 wins
[ ][ ][ ],4,1,Player 0 wins
[ ][ ][ ],4,5,Player 2 wins
[ ][ ][ ],4,1,Player 0 wins
[ ][ ][ ],4,1,Player 0 wins
[ ][ ][ ],4,2,Player 0 wins
[ ][ ][ ],4,2,Player 0 wins
[ ][ ][ ],4,2,Player 0 wins
[ ][ ][ ],4,1,Player 3 wins
[ ][ ][ ],4,1,Player 3 wins
[ ][ ][ ],4,4,Player 1 wins
[ ][ ][ ],4,4,Player 1 wins
[ ][ ][ ],4,4,Player 2 wins
[ ][ ][ ],4,1,Player 0 wins
[ ][ ][ ],4,1,Player 0 wins
[ ][ ][ ],4,1,Player 0 wins
[ ][ ][ ],4,6,Player 3 wins
[ ][ ][ ],4,5,Player 1 wins
[ ][ ][ ],4,1,Player 0 wins
[ ][ ][ ],4,1,Player 0 wins
[ ][ ][ ],4,1,Player 0 wins
[ ][ ][ ],4,2,Player 2 wins
[ ][ ][ ],4,2,Player 2 wins
[ ][ ][ ],4,3,Player 0 wins
[ ][ ][ ],4,1,Player 2 wins
[ ][ ][ ],4,1,Player 2 wins
[ ][ ][ ],4,1,Player 2 wins
[ ][ ][ ],4,3,Player 0 wins
[ ][ ][ ],4,3,Player 0 wins
[ ][ ][ ],4,2,Player 0 wins
[ ][ ][ ],4,2,Player 0 wins
[ ][ ][ ],4,2,Player 0 wins
[ ][ ][ ],4,2,Player 3 wins
[ ][ ][ ],4,2,Player 3 wins
[ ][ ][ ],4,2,Player 1 wins
[ ][ ][ ],4,2,Player 1 wins
[ ][ ][ ],4,3,Player 3 wins
[ ][ ][ ],4,1,Player 2 wins
[ ][ ][ ],4,1,Player 2 wins
[ ][ ][ ],4,2,Player 2 wins
[ ][ ][ ],4,2,Player 2 wins
[ ][ ][ ],4,2,Player 2 wins
[ ][ ][ ],4,1,Player 1 wins
[ ][ ][ ],4,6,Player 2 wins
[ ][ ][ ],4,3,Player 3 wins
[ ][ ][ ],4,1,Player 1 wins
[ ][ ][ ],4,1,Player 1 wins
[ ][ ][ ],4,1,Player 1 wins
[ ][ ][ ],4,1,Player 1 wins
[ ][ ][ ],4,1,Player 1 wins
[ ][ ][ ],4,2,Player 0 wins
[ ][ ][ ],4,2,Player 0 wins
[ ][ ][ ],4,1,Player 2 wins
[ ][ ][ ],4,1,Player 2 wins
[ ][ ][ ],4,1,Player 2 wins
[ ][ ][ ],4,3,Player 1 wins
[ ][ ][ ],4,3,Player 1 wins
[ ][ ][ ],4,1,Player 3 wins
[ ][ ][ ],4,1,Player 3 wins
[ ][ ][ ],4,1,Player 3 wins
[ ][ ][ ],4,2,Player 1 wins
[ ][ ][ ],4,6,Player 0 wins
[ ][ ][ ],4,9,Player 0 wins
[ ][ ][ ],4,1,Player 3 wins
[ ][ ][ ],4,1,Player 3 wins
[ ][ ][ ],4,2,Player 1 wins
[ ][ ][ ],4,2,Player 1 wins
[ ][ ][ ],4,1,Player 3 wins
[ ][ ][ ],4,1,Player 3 wins
[ ][ ][ ],4,1,Player 3 wins
[ ][ ][ ],4,1,Player 3 wins
[ ][ ][ ],4,3,Player 0 wins
[ ][ ][ ],4,3,Player 0 wins
[ ][ ][ ],4,3,Player 1 wins
[ ][ ][ ],4,2,Player 0 wins
[ ][ ][ ],4,2,Player 0 wins
[ ][ ][ ],4,1,Player 3 wins
[ ][ ][ ],4,1,Player 3 wins
[ ][ ][ ],4,1,Player 3 wins
[ ][ ][ ],4,2,Player 2 wins
[ ][ ][ ],4,2,Player 2 wins
[ ][ ][ ],4,1,Player 3 wins
[ ][ ][ ],4,1,Player 3 wins
[ ][ ][ ],4,1,Player 1 wins
[ ][ ][ ],4,1,Player 1 wins
[ ][ ][ ],4,1,Player 1 wins
[ ][ ][ ],4,2,Player 3 wins
[ ][ ][ ],4,2,Player 3 wins
[ ][ ][ ],4,1,Player 2 wins
[ ][ ][ ],4,1,Player 2 wins
[ ][ ][ ],4,1,Player 0 wins
[ ][ ][ ],4,1,Player 0 wins
[ ][ ][ ],4,4,Player 1 wins
[ ][ ][ ],4,4,Player 1 wins
[ ][ ][ ],4,6,Player 1 wins
[ ][ ][ ],4,4,Player 0 wins
[ ][ ][ ],4,1,Player 1 wins
[ ][ ][ ],4,2,Player 0 wins
[ ][ ][ ],4,2,Player 0 wins
[ ][ ][ ],4,2,Player 0 wins
[ ][ ][ ],4,2,Player 1 wins
[ ][ ][ ],4,2,Player 1 wins
[ ][ ][ ],4,4,Player 0 wins
[ ][ ][ ],4,4,Player 0 wins
[ ][ ][ ],4,2,Player 0 wins
[ ][ ][ ],4,2,Player 0 wins
[ ][ ][ ],4,3,Player 0 wins
[ ][ ][ ],4,1,Player 2 wins
[ ][ ][ ],4,1,Player 2 wins
[ ][ ][ ],4,1,Player 2 wins
[ ][ ][ ],4,1,Player 2 wins
[ ][ ][ ],4,5,Player 0 wins
[ ][ ][ ],4,1,Player 1 wins
[ ][ ][ ],4,1,Player 1 wins
[ ][ ][ ],4,4,Player 0 wins
[ ][ ][ ],4,1,Player 2 wins
[ ][ ][ ],4,2,Player 2 wins
[ ][ ][ ],4,2,Player 2 wins
[ ][ ][ ],4,4,Player 1 wins
[ ][ ][ ],4,1,Player 2 wins
[ ][ ][ ],4,1,Player 2 wins
[ ][ ][ ],4,1,Player 2 wins
[ ][ ][ ],4,1,Player 2 wins
[ ][ ][ ],4,1,Player 3 wins
[ ][ ][ ],4,1,Player 3 wins
[ ][ ][ ],4,2,Player 1 wins
[ ][ ][ ],4,2,Player 1 wins
[ ][ ][ ],4,6,Player 1 wins
[ ][ ][ ],4,6,Player 1 wins
[ ][ ][ ],4,2,Player 1 wins
[ ][ ][ ],4,1,Player 3 wins
[ ][ ][ ],4,4,Player 1 wins
[ ][ ][ ],4,2,Player 2 wins
[ ][ ][ ],4,2,Player 2 wins
[ ][ ][ ],4,2,Player 0 wins
[ ][ ][ ],4,2,Player 0 wins
[ ][ ][ ],4,3,Player 2 wins
[ ][ ][ ],4,3,Player 2 wins
[ ][ ][ ],4,2,Player 0 wins
[ ][ ][ ],4,2,Player 0 wins
[ ][ ][ ],4,3,Player 3 wins
[ ][ ][ ],4,3,Player 3 wins
[ ][ ][ ],4,3,Player 3 wins
[ ][ ][ ],4,1,Player 0 wins
[ ][ ][ ],4,1,Player 0 wins
[ ][ ][ ],4,1,Player 3 wins
[ ][ ][ ],4,1,Player 3 wins
[ ][ ][ ],4,1,Player 3 wins
[ ][ ][ ],4,1,Player 1 wins
[ ][ ][ ],4,1,Player 1 wins
[ ][ ][ ],4,1,Player 1 wins
[ ][ ][ ],4,3,Player 2 wins
[ ][ ][ ],4,3,Player 2 wins
[ ][ ][ ],4,2,Player 2 wins
[ ][ ][ ],4,2,Player 2 wins
[ ][ ][ ],4,5,Player 3 wins
[ ][ ][ ],4,5,Player 3 wins
[ ][ ][ ],4,6,Player 3 wins
[ ][ ][ ],4,3,Player 0 wins
[ ][ ][ ],4,2,Player 2 wins
[ ][ ][ ],4,2,Player 2 wins
[ ][ ][ ],4,3,Player 3 wins
[ ][ ][ ],4,1,Player 0 wins
[ ][ ][ ],4,1,Player 0 wins
[ ][ ][ ],4,1,Player 0 wins
[ ][ ][ ],4,1,Player 1 wins
[ ][ ][ ],4,1,Player 1 wins
[ ][ ][ ],4,2,Player 0 wins
[ ][ ][ ],4,2,Player 0 wins
[ ][ ][ ],4,3,Player 1 wins
[ ][ ][ ],4,3,Player 1 wins
[ ][ ][ ],4,6,Player 2 wins
[ ][ ][ ],4,1,Player 2 wins
[ ][ ][ ],4,1,Player 2 wins
[ ][ ][ ],4,1,Player 2 wins
[ ][ ][ ],4,5,Player 2 wins
[ ][ ][ ],4,1,Player 2 wins
[ ][ ][ ],4,2,Player 3 wins
[ ][ ][ ],4,2,Player 3 wins
[ ][ ][ ],4,5,Player 3 wins
[ ][ ][ ],4,1,Player 0 wins
[ ][ ][ ],4,1,Player 0 wins
[ ][ ][ ],4,1,Player 1 wins
[ ][ ][ ],4,1,Player 1 wins
[ ][ ][ ],4,4,Player 1 wins
[ ][ ][ ],4,4,Player 3 wins
[ ][ ][ ],4,3,Player 0 wins
[ ][ ][ ],4,3,Player 0 wins
[ ][ ][ ],4,9,Player 2 wins
[ ][ ][ ],4,1,Player 0 wins
[ ][ ][ ],4,1,Player 0 wins
[ ][ ][ ],4,5,Player 1 wins
[ ][ ][ ],4,3,Player 0 wins
[ ][ ][ ],4,7,Player 2 wins
[ ][ ][ ],4,3,Player 2 wins
[ ][ ][ ],4,2,Player 2 wins
[ ][ ][ ],4,1,Player 3 wins
[ ][ ][ ],4,1,Player 3 wins
[ ][ ][ ],4,1,Player 3 wins
[ ][ ][ ],4,1,Player 2 wins
[ ][ ][ ],4,1,Player 2 wins
[ ][ ][ ],4,3,Player 1 wins
[ ][ ][ ],4,3,Player 1 wins
[ ][ ][ ],4,1,Player 0 wins
[ ][ ][ ],4,1,Player 0 wins
[ ][ ][ ],4,1,Player 0 wins
[ ][ ][ ],4,1,Player 0 wins
[ ][ ][ ],4,1,Player 0 wins
[ ][ ][ ],4,2,Player 3 wins
[ ][ ][ ],4,2,Player 3 wins
[ ][ ][ ],4,1,Player 1 wins
[ ][ ][ ],4,1,Player 1 wins
[ ][ ][ ],4,1,Player 1 wins
[ ][ ][ ],4,5,Player 2 wins
[ ][ ][ ],4,5,Player 2 wins
[ ][ ][ ],4,2,Player 1 wins
[ ][ ][ ],4,2,Player 1 wins
[ ][ ][ ],4,4,Player 1 wins
[ ][ ][ ],4,4,Player 1 wins
[ ][ ][ ],4,4,Player 0 wins
[ ][ ][ ],4,3,Player 3 wins
[ ][ ][ ],5,5,Player 4 wins
[ ][ ][ ],5,2,Player 1 wins
[ ][ ][ ],5,1,Player 4 wins
[ ][ ][ ],5,1,Player 4 wins
[ ][ ][ ],5,1,Player 4 wins
[ ][ ][ ],5,6,Player 1 wins
[ ][ ][ ],5,1,Player 0 wins
[ ][ ][ ],5,1,Player 0 wins
[ ][ ][ ],5,1,Player 1 wins
[ ][ ][ ],5,1,Player 1 wins
[ ][ ][ ],5,1,Player 3 wins
[ ][ ][ ],5,1,Player 3 wins
[ ][ ][ ],5,1,Player 3 wins
[ ][ ][ ],5,2,Player 0 wins
[ ][ ][ ],5,2,Player 0 wins
[ ][ ][ ],5,4,Player 0 wins
[ ][ ][ ],5,1,Player 0 wins
[ ][ ][ ],5,1,Player 0 wins
[ ][ ][ ],5,1,Player 2 wins
[ ][ ][ ],5,1,Player 2 wins
[ ][ ][ ],5,1,Player 2 wins
[ ][ ][ ],5,2,Player 2 wins
[ ][ ][ ],5,2,Player 2 wins
[ ][ ][ ],5,2,Player 2 wins
[ ][ ][ ],5,2,Player 3 wins
[ ][ ][ ],5,2,Player 3 wins
[ ][ ][ ],5,4,Player 4 wins
[ ][ ][ ],5,4,Player 4 wins
[ ][ ][ ],5,2,Player 2 wins
[ ][ ][ ],5,2,Player 2 wins
[ ][ ][ ],5,1,Player 3 wins
[ ][ ][ ],5,1,Player 3 wins
[ ][ ][ ],5,1,Player 1 wins
[ ][ ][ ],5,1,Player 1 wins
[ ][ ][ ],5,2,Player 4 wins
[ ][ ][ ],5,2,Player 4 wins
[ ][ ][ ],5,2,Player 4 wins
[ ][ ][ ],5,3,Player 3 wins
[ ][ ][ ],5,3,Player 3 wins
[ ][ ][ ],5,3,Player 3 wins
[ ][ ][ ],5,1,Player 3 wins
[ ][ ][ ],5,1,Player 3 wins
[ ][ ][ ],5,1,Player 3 wins
[ ][ ][ ],5,1,Player 3 wins
[ ][ ][ ],5,4,Player 2 wins
[ ][ ][ ],5,4,Player 2 wins
[ ][ ][ ],5,2,Player 0 wins
[ ][ ][ ],5,2,Player 0 wins
[ ][ ][ ],5,2,Player 0 wins
[ ][ ][ ],5,2,Player 0 wins
[ ][ ][ ],5,1,Player 3 wins
[ ][ ][ ],5,1,Player 3 wins
[ ][ ][ ],5,1,Player 3 wins
[ ][ ][ ],5,1,Player 3 wins
[ ][ ][ ],5,2,Player 4 wins
[ ][ ][ ],5,2,Player 4 wins
[ ][ ][ ],5,2,Player 3 wins
[ ][ ][ ],5,2,Player 3 wins
[ ][ ][ ],5,2,Player 3 wins
[ ][ ][ ],5,5,Player 0 wins
[ ][ ][ ],5,5,Player 0 wins
[ ][ ][ ],5,1,Player 0 wins
[ ][ ][ ],5,1,Player 0 wins
[ ][ ][ ],5,1,Player 0 wins
[ ][ ][ ],5,1,Player 0 wins
[ ][ ][ ],5,2,Player 0 wins
[ ][ ][ ],5,2,Player 0 wins
[ ][ ][ ],5,2,Player 0 wins
[ ][ ][ ],5,1,Player 4 wins
[ ][ ][ ],5,1,Player 4 wins
[ ][ ][ ],5,1,Player 4 wins
[ ][ ][ ],5,1,Player 4 wins
[ ][ ][ ],5,7,Player 3 wins
[ ][ ][ ],5,1,Player 1 wins
[ ][ ][ ],5,1,Player 1 wins
[ ][ ][ ],5,4,Player 0 wins
[ ][ ][ ],5,1,Player 3 wins
[ ][ ][ ],5,1,Player 3 wins
[ ][ ][ ],5,1,Player 3 wins
[ ][ ][ ],5,1,Player 3 wins
[ ][ ][ ],5,1,Player 3 wins
[ ][ ][ ],5,1,Player 2 wins
[ ][ ][ ],5,1,Player 2 wins
[ ][ ][ ],5,2,Player 4 wins
[ ][ ][ ],5,2,Player 4 wins
[ ][ ][ ],5,1,Player 2 wins
[ ][ ][ ],5,1,Player 2 wins
[ ][ ][ ],5,2,Player 1 wins
[ ][ ][ ],5,2,Player 1 wins
[ ][ ][ ],5,4,Player 0 wins
[ ][ ][ ],5,3,Player 2 wins
[ ][ ][ ],5,3,Player 2 wins
[ ][ ][ ],5,1,Player 0 wins
[ ][ ][ ],5,1,Player 0 wins
[ ][ ][ ],5,2,Player 3 wins
[ ][ ][ ],5,2,Player 3 wins
[ ][ ][ ],5,2,Player 1 wins
[ ][ ][ ],5,2,Player 1 wins
[ ][ ][ ],5,1,Player 2 wins
[ ][ ][ ],5,1,Player 2 wins
[ ][ ][ ],5,1,Player 2 wins
[ ][ ][ ],5,1,Player 2 wins
[ ][ ][ ],5,1,Player 2 wins
[ ][ ][ ],5,1,Player 0 wins
[ ][ ][ ],5,1,Player 0 wins
[ ][ ][ ],5,1,Player 0 wins
[ ][ ][ ],5,2,Player 1 wins
[ ][ ][ ],5,2,Player 1 wins
[ ][ ][ ],5,1,Player 0 wins
[ ][ ][ ],5,4,Player 1 wins
[ ][ ][ ],5,1,Player 1 wins
[ ][ ][ ],5,1,Player 1 wins
[ ][ ][ ],5,4,Player 4 wins
[ ][ ][ ],5,1,Player 2 wins
[ ][ ][ ],5,3,Player 4 wins
[ ][ ][ ],5,1,Player 3 wins
[ ][ ][ ],5,1,Player 3 wins
[ ][ ][ ],5,1,Player 0 wins
[ ][ ][ ],5,1,Player 0 wins
[ ][ ][ ],5,2,Player 0 wins
[ ][ ][ ],5,2,Player 0 wins
[ ][ ][ ],5,2,Player 4 wins
[ ][ ][ ],5,2,Player 4 wins
[ ][ ][ ],5,3,Player 1 wins
[ ][ ][ ],5,3,Player 1 wins
[ ][ ][ ],5,3,Player 1 wins
[ ][ ][ ],5,2,Player 4 wins
[ ][ ][ ],5,2,Player 4 wins
[ ][ ][ ],5,1,Player 2 wins
[ ][ ][ ],5,1,Player 2 wins
[ ][ ][ ],5,3,Player 1 wins
[ ][ ][ ],5,3,Player 1 wins
[ ][ ][ ],5,1,Player 1 wins
[ ][ ][ ],5,1,Player 1 wins
[ ][ ][ ],5,1,Player 4 wins
[ ][ ][ ],5,1,Player 4 wins
[ ][ ][ ],5,1,Player 1 wins
[ ][ ][ ],5,1,Player 1 wins
[ ][ ][ ],5,1,Player 1 wins
[ ][ ][ ],5,1,Player 3 wins
[ ][ ][ ],5,1,Player 3 wins
[ ][ ][ ],5,1,Player 0 wins
[ ][ ][ ],5,1,Player 0 wins
[ ][ ][ ],5,1,Player 0 wins
[ ][ ][ ],5,1,Player 2 wins
[ ][ ][ ],5,1,Player 2 wins
[ ][ ][ ],5,4,Player 3 wins
[ ][ ][ ],5,2,Player 4 wins
[ ][ ][ ],5,2,Player 2 wins
[ ][ ][ ],5,4,Player 0 wins
[ ][ ][ ],5,4,Player 0 wins
[ ][ ][ ],5,3,Player 0 wins
[ ][ ][ ],5,1,Player 1 wins
[ ][ ][ ],5,1,Player 1 wins
[ ][ ][ ],5,1,Player 2 wins
[ ][ ][ ],5,5,Player 4 wins
[ ][ ][ ],5,1,Player 1 wins
[ ][ ][ ],5,1,Player 0 wins
[ ][ ][ ],5,1,Player 0 wins
[ ][ ][ ],5,1,Player 4 wins
[ ][ ][ ],5,1,Player 4 wins
[ ][ ][ ],5,7,Player 3 wins
[ ][ ][ ],5,2,Player 2 wins
[ ][ ][ ],5,1,Player 1 wins
[ ][ ][ ],5,1,Player 1 wins
[ ][ ][ ],5,1,Player 1 wins
[ ][ ][ ],5,3,Player 0 wins
[ ][ ][ ],5,3,Player 0 wins
[ ][ ][ ],5,1,Player 1 wins
[ ][ ][ ],5,1,Player 1 wins
[ ][ ][ ],5,1,Player 1 wins
[ ][ ][ ],5,1,Player 1 wins
[ ][ ][ ],5,1,Player 1 wins
[ ][ ][ ],5,3,Player 0 wins
[ ][ ][ ],5,3,Player 0 wins
[ ][ ][ ],5,2,Player 4 wins
[ ][ ][ ],5,1,Player 3 wins
[ ][ ][ ],5,1,Player 3 wins
[ ][ ][ ],5,1,Player 0 wins
[ ][ ][ ],5,1,Player 0 wins
[ ][ ][ ],5,1,Player 0 wins
[ ][ ][ ],5,1,Player 1 wins
[ ][ ][ ],5,1,Player 1 wins
[ ][ ][ ],5,1,Player 1 wins
[ ][ ][ ],5,2,Player 1 wins
[ ][ ][ ],5,2,Player 1 wins
[ ][ ][ ],5,1,Player 2 wins
[ ][ ][ ],5,1,Player 2 wins
[ ][ ][ ],5,4,Player 3 wins
[ ][ ][ ],5,2,Player 2 wins
[ ][ ][ ],5,4,Player 4 wins
[ ][ ][ ],5,4,Player 4 wins
[ ][ ][ ],5,2,Player 1 wins
[ ][ ][ ],5,1,Player 4 wins
[ ][ ][ ],5,1,Player 4 wins
[ ][ ][ ],5,1,Player 2 wins
[ ][ ][ ],5,1,Player 2 wins
[ ][ ][ ],5,1,Player 2 wins
[ ][ ][ ],5,2,Player 2 wins
[ ][ ][ ],5,2,Player 2 wins
[ ][ ][ ],5,2,Player 2 wins
[ ][ ][ ],5,1,Player 4 wins
[ ][ ][ ],5,1,Player 4 wins
[ ][ ][ ],5,1,Player 2 wins
[ ][ ][ ],5,1,Player 2 wins
[ ][ ][ ],5,1,Player 4 wins
[ ][ ][ ],5,1,Player 4 wins
[ ][ ][ ],5,2,Player 1 wins
[ ][ ][ ],5,2,Player 1 wins
[ ][ ][ ],5,1,Player 1 wins
[ ][ ][ ],5,1,Player 1 wins
[ ][ ][ ],5,3,Player 1 wins
[ ][ ][ ],5,3,Player 1 wins
[ ][ ][ ],5,1,Player 2 wins
[ ][ ][ ],5,1,Player 2 wins
[ ][ ][ ],5,5,Player 1 wins
[ ][ ][ ],5,4,Player 0 wins
[ ][ ][ ],5,1,Player 1 wins
[ ][ ][ ],5,1,Player 1 wins
[ ][ ][ ],5,5,Player 1 wins
[ ][ ][ ],5,2,Player 1 wins
[ ][ ][ ],5,4,Player 3 wins
[ ][ ][ ],5,1,Player 4 wins
[ ][ ][ ],5,1,Player 4 wins
[ ][ ][ ],5,1,Player 4 wins
[ ][ ][ ],5,2,Player 0 wins
[ ][ ][ ],5,2,Player 0 wins
[ ][ ][ ],5,1,Player 0 wins
[ ][ ][ ],5,1,Player 0 wins
[ ][ ][ ],5,8,Player 1 wins
[ ][ ][ ],5,2,Player 2 wins
[ ][ ][ ],5,2,Player 2 wins
[ ][ ][ ],5,1,Player 1 wins
[ ][ ][ ],5,1,Player 1 wins
[ ][ ][ ],5,2,Player 2 wins
[ ][ ][ ],5,2,Player 2 wins
[ ][ ][ ],5,1,Player 0 wins
[ ][ ][ ],5,4,Player 0 wins
[ ][ ][ ],5,4,Player 0 wins
[ ][ ][ ],5,1,Player 1 wins
[ ][ ][ ],5,2,Player 0 wins
[ ][ ][ ],5,2,Player 0 wins
[ ][ ][ ],5,2,Player 3 wins
[ ][ ][ ],5,2,Player 2 wins
[ ][ ][ ],5,1,Player 2 wins
[ ][ ][ ],5,1,Player 2 wins
[ ][ ][ ],5,4,Player 3 wins
[ ][ ][ ],5,1,Player 1 wins
[ ][ ][ ],5,1,Player 1 wins
[ ][ ][ ],5,2,Player 1 wins
[ ][ ][ ],5,3,Player 0 wins
[ ][ ][ ],5,3,Player 0 wins
[ ][ ][ ],5,3,Player 3 wins
[ ][ ][ ],5,2,Player 0 wins
[ ][ ][ ],5,2,Player 0 wins
[ ][ ][ ],5,6,Only action cards left
[ ][ ][ ],5,3,Player 2 wins
[ ][ ][ ],5,1,Player 1 wins
[ ][ ][ ],5,1,Player 1 wins
[ ][ ][ ],5,2,Player 3 wins
[ ][ ][ ],5,2,Player 3 wins
[ ][ ][ ],5,4,Player 3 wins
[ ][ ][ ],5,1,Player 2 wins
[ ][ ][ ],5,1,Player 2 wins
[ ][ ][ ],5,1,Player 2 wins
[ ][ ][ ],5,1,Player 2 wins
[ ][ ][ ],5,1,Player 2 wins
[ ][ ][ ],5,2,Player 3 wins
[ ][ ][ ],5,2,Player 3 wins
[ ][ ][ ],5,4,Player 2 wins
[ ][ ][ ],5,4,Player 2 wins
[ ][ ][ ],5,1,Player 0 wins
[ ][ ][ ],5,1,Player 0 wins
[ ][ ][ ],5,3,Player 4 wins
[ ][ ][ ],5,3,Player 4 wins
[ ][ ][ ],5,1,Player 3 wins
[ ][ ][ ],5,1,Player 3 wins
[ ][ ][ ],5,1,Player 4 wins
[ ][ ][ ],5,1,Player 4 wins
[ ][ ][ ],5,1,Player 2 wins
[ ][ ][ ],5,1,Player 2 wins
[ ][ ][ ],5,1,Player 2 wins
[ ][ ][ ],5,2,Player 1 wins
[ ][ ][ ],5,2,Player 1 wins
[ ][ ][ ],5,4,Player 2 wins
[ ][ ][ ],5,1,Player 1 wins
[ ][ ][ ],5,1,Player 1 wins
[ ][ ][ ],5,1,Player 4 wins
[ ][ ][ ],5,1,Player 4 wins
[ ][ ][ ],5,2,Player 1 wins
[ ][ ][ ],5,2,Player 1 wins
[ ][ ][ ],5,2,Player 1 wins
[ ][ ][ ],5,2,Player 1 wins
[ ][ ][ ],5,7,Player 4 wins
[ ][ ][ ],5,1,Player 0 wins
[ ][ ][ ],5,1,Player 0 wins
[ ][ ][ ],5,2,Player 1 wins
[ ][ ][ ],5,2,Player 1 wins
[ ][ ][ ],5,2,Player 1 wins
[ ][ ][ ],5,2,Player 1 wins
[ ][ ][ ],6,2,Player 4 wins
[ ][ ][ ],6,2,Player 4 wins
[ ][ ][ ],6,2,Player 1 wins
[ ][ ][ ],6,5,Player 1 wins
[ ][ ][ ],6,2,Player 4 wins
[ ][ ][ ],6,2,Player 4 wins
[ ][ ][ ],6,1,Player 1 wins
[ ][ ][ ],6,1,Player 1 wins
[ ][ ][ ],6,1,Player 1 wins
[ ][ ][ ],6,3,Player 0 wins
[ ][ ][ ],6,3,Player 0 wins
[ ][ ][ ],6,1,Player 1 wins
[ ][ ][ ],6,1,Player 1 wins
[ ][ ][ ],6,2,Player 2 wins
[ ][ ][ ],6,2,Player 2 wins
[ ][ ][ ],6,1,Player 5 wins
[ ][ ][ ],6,1,Player 5 wins
[ ][ ][ ],6,1,Player 2 wins
[ ][ ][ ],6,1,Player 2 wins
[ ][ ][ ],6,3,Player 5 wins
[ ][ ][ ],6,3,Player 5 wins
[ ][ ][ ],6,2,Player 0 wins
[ ][ ][ ],6,2,Player 0 wins
[ ][ ][ ],6,2,Player 5 wins
[ ][ ][ ],6,2,Player 5 wins
[ ][ ][ ],6,2,Player 1 wins
[ ][ ][ ],6,2,Player 1 wins
[ ][ ][ ],6,1,Player 0 wins
[ ][ ][ ],6,1,Player 0 wins
[ ][ ][ ],6,2,Player 0 wins
[ ][ ][ ],6,2,Player 0 wins
[ ][ ][ ],6,2,Player 0 wins
[ ][ ][ ],6,1,Player 1 wins
[ ][ ][ ],6,1,Player 1 wins
[ ][ ][ ],6,1,Player 1 wins
[ ][ ][ ],6,1,Player 1 wins
[ ][ ][ ],6,1,Player 1 wins
[ ][ ][ ],6,2,Player 5 wins
[ ][ ][ ],6,2,Player 1 wins
[ ][ ][ ],6,3,Player 3 wins
[ ][ ][ ],6,2,Player 0 wins
[ ][ ][ ],6,2,Player 0 wins
[ ][ ][ ],6,2,Player 0 wins
[ ][ ][ ],6,3,Player 5 wins
[ ][ ][ ],6,3,Player 5 wins
[ ][ ][ ],6,1,Player 3 wins
[ ][ ][ ],6,1,Player 3 wins
[ ][ ][ ],6,1,Player 2 wins
[ ][ ][ ],6,1,Player 2 wins
[ ][ ][ ],6,1,Player 1 wins
[ ][ ][ ],6,1,Player 1 wins
[ ][ ][ ],6,1,Player 1 wins
[ ][ ][ ],6,1,Player 3 wins
[ ][ ][ ],6,1,Player 3 wins
[ ][ ][ ],6,2,Player 2 wins
[ ][ ][ ],6,2,Player 2 wins
[ ][ ][ ],6,3,Player 2 wins
[ ][ ][ ],6,4,Player 1 wins
[ ][ ][ ],6,2,Player 1 wins
[ ][ ][ ],6,2,Player 1 wins
[ ][ ][ ],6,1,Player 5 wins
[ ][ ][ ],6,3,Player 4 wins
[ ][ ][ ],6,1,Player 2 wins
[ ][ ][ ],6,1,Player 2 wins
[ ][ ][ ],6,1,Player 2 wins
[ ][ ][ ],6,2,Player 0 wins
[ ][ ][ ],6,2,Player 0 wins
[ ][ ][ ],6,1,Player 1 wins
[ ][ ][ ],6,1,Player 1 wins
[ ][ ][ ],6,1,Player 0 wins
[ ][ ][ ],6,1,Player 0 wins
[ ][ ][ ],6,1,Player 0 wins
[ ][ ][ ],6,1,Player 2 wins
[ ][ ][ ],6,1,Player 2 wins
[ ][ ][ ],6,2,Player 2 wins
[ ][ ][ ],6,1,Player 2 wins
[ ][ ][ ],6,1,Player 2 wins
[ ][ ][ ],6,1,Player 2 wins
[ ][ ][ ],6,1,Player 3 wins
[ ][ ][ ],6,4,Player 4 wins
[ ][ ][ ],6,1,Player 1 wins
[ ][ ][ ],6,1,Player 1 wins
[ ][ ][ ],6,3,Player 0 wins
[ ][ ][ ],6,3,Player 0 wins
[ ][ ][ ],6,1,Player 3 wins
[ ][ ][ ],6,1,Player 3 wins
[ ][ ][ ],6,1,Player 0 wins
[ ][ ][ ],6,1,Player 0 wins
[ ][ ][ ],6,3,Player 3 wins
[ ][ ][ ],6,3,Player 3 wins
[ ][ ][ ],6,4,Player 5 wins
[ ][ ][ ],6,1,Player 0 wins
[ ][ ][ ],6,1,Player 0 wins
[ ][ ][ ],6,1,Player 2 wins
[ ][ ][ ],6,1,Player 2 wins
[ ][ ][ ],6,1,Player 4 wins
[ ][ ][ ],6,1,Player 4 wins
[ ][ ][ ],6,1,Player 4 wins
[ ][ ][ ],6,1,Player 4 wins
[ ][ ][ ],6,1,Player 4 wins
[ ][ ][ ],6,1,Player 1 wins
[ ][ ][ ],6,1,Player 1 wins
[ ][ ][ ],6,1,Player 0 wins
[ ][ ][ ],6,1,Player 0 wins
[ ][ ][ ],6,1,Player 0 wins
[ ][ ][ ],6,1,Player 1 wins
[ ][ ][ ],6,1,Player 1 wins
[ ][ ][ ],6,1,Player 1 wins
[ ][ ][ ],6,1,Player 2 wins
[ ][ ][ ],6,1,Player 2 wins
[ ][ ][ ],6,1,Player 1 wins
[ ][ ][ ],6,1,Player 0 wins
[ ][ ][ ],6,1,Player 0 wins
[ ][ ][ ],6,1,Player 0 wins
[ ][ ][ ],6,3,Player 1 wins
[ ][ ][ ],6,2,Player 0 wins
[ ][ ][ ],6,2,Player 0 wins
[ ][ ][ ],6,2,Player 0 wins
[ ][ ][ ],6,2,Player 0 wins
[ ][ ][ ],6,2,Player 4 wins
[ ][ ][ ],6,2,Player 4 wins
[ ][ ][ ],6,2,Player 4 wins
[ ][ ][ ],6,1,Player 5 wins
[ ][ ][ ],6,1,Player 5 wins
[ ][ ][ ],6,1,Player 5 wins
[ ][ ][ ],6,1,Player 3 wins
[ ][ ][ ],6,1,Player 3 wins
[ ][ ][ ],6,1,Player 3 wins
[ ][ ][ ],6,1,Player 3 wins
[ ][ ][ ],6,2,Player 5 wins
[ ][ ][ ],6,2,Player 5 wins
[ ][ ][ ],6,3,Player 5 wins
[ ][ ][ ],6,3,Player 5 wins
[ ][ ][ ],6,1,Player 4 wins
[ ][ ][ ],6,1,Player 4 wins
[ ][ ][ ],6,1,Player 4 wins
[ ][ ][ ],6,1,Player 4 wins
[ ][ ][ ],6,1,Player 3 wins
[ ][ ][ ],6,1,Player 3 wins
[ ][ ][ ],6,2,Player 0 wins
[ ][ ][ ],6,2,Player 0 wins
[ ][ ][ ],6,6,Player 3 wins
[ ][ ][ ],6,1,Player 0 wins
[ ][ ][ ],6,1,Player 0 wins
[ ][ ][ ],6,2,Player 1 wins
[ ][ ][ ],6,2,Player 1 wins
[ ][ ][ ],6,3,Player 2 wins
[ ][ ][ ],6,1,Player 0 wins
[ ][ ][ ],6,1,Player 0 wins
[ ][ ][ ],6,2,Player 5 wins
[ ][ ][ ],6,4,Player 1 wins
[ ][ ][ ],6,1,Player 2 wins
[ ][ ][ ],6,1,Player 2 wins
[ ][ ][ ],6,1,Player 3 wins
[ ][ ][ ],6,1,Player 3 wins
[ ][ ][ ],6,2,Player 0 wins
[ ][ ][ ],6,1,Player 2 wins
[ ][ ][ ],6,1,Player 3 wins
[ ][ ][ ],6,1,Player 3 wins
[ ][ ][ ],6,3,Player 5 wins
[ ][ ][ ],6,3,Player 5 wins
[ ][ ][ ],6,1,Player 3 wins
[ ][ ][ ],6,1,Player 3 wins
[ ][ ][ ],6,1,Player 1 wins
[ ][ ][ ],6,1,Player 1 wins
[ ][ ][ ],6,1,Player 1 wins
[ ][ ][ ],6,1,Player 1 wins
[ ][ ][ ],6,1,Player 1 wins
[ ][ ][ ],6,1,Player 2 wins
[ ][ ][ ],6,1,Player 2 wins
[ ][ ][ ],6,2,Player 2 wins
[ ][ ][ ],6,2,Player 2 wins
[ ][ ][ ],6,2,Player 2 wins
[ ][ ][ ],6,2,Player 2 wins
[ ][ ][ ],6,2,Player 1 wins
[ ][ ][ ],6,2,Player 1 wins
[ ][ ][ ],6,2,Player 1 wins
[ ][ ][ ],6,1,Player 3 wins
[ ][ ][ ],6,1,Player 3 wins
[ ][ ][ ],6,2,Player 0 wins
[ ][ ][ ],6,2,Player 0 wins
[ ][ ][ ],6,2,Player 0 wins
[ ][ ][ ],6,3,Player 0 wins
[ ][ ][ ],6,1,Player 0 wins
[ ][ ][ ],6,1,Player 0 wins
[ ][ ][ ],6,2,Player 2 wins
[ ][ ][ ],6,2,Player 2 wins
[ ][ ][ ],6,1,Player 0 wins
[ ][ ][ ],6,1,Player 0 wins
[ ][ ][ ],6,1,Player 0 wins
[ ][ ][ ],6,1,Player 3 wins
[ ][ ][ ],6,1,Player 3 wins
[ ][ ][ ],6,1,Player 3 wins
[ ][ ][ ],6,3,Player 3 wins
[ ][ ][ ],6,3,Player 3 wins
[ ][ ][ ],6,1,Player 4 wins
[ ][ ][ ],6,1,Player 4 wins
[ ][ ][ ],6,2,Player 2 wins
[ ][ ][ ],6,2,Player 2 wins
[ ][ ][ ],6,2,Player 4 wins
[ ][ ][ ],6,2,Player 0 wins
[ ][ ][ ],6,2,Player 0 wins
[ ][ ][ ],6,1,Player 0 wins
[ ][ ][ ],6,1,Player 0 wins
[ ][ ][ ],6,1,Player 0 wins
[ ][ ][ ],6,1,Player 0 wins
[ ][ ][ ],6,1,Player 0 wins
[ ][ ][ ],6,1,Player 0 wins
[ ][ ][ ],6,1,Player 2 wins
[ ][ ][ ],6,1,Player 2 wins
[ ][ ][ ],6,1,Player 2 wins
[ ][ ][ ],6,4,Player 0 wins
[ ][ ][ ],6,4,Player 0 wins
[ ][ ][ ],6,2,Player 3 wins
[ ][ ][ ],6,2,Player 3 wins
[ ][ ][ ],6,2,Player 4 wins
[ ][ ][ ],6,2,Player 0 wins
[ ][ ][ ],6,2,Player 0 wins
[ ][ ][ ],6,2,Player 0 wins
[ ][ ][ ],6,2,Player 0 wins
[ ][ ][ ],6,2,Player 1 wins
[ ][ ][ ],6,2,Player 1 wins
[ ][ ][ ],6,2,Player 1 wins
[ ][ ][ ],6,1,Player 1 wins
[ ][ ][ ],6,1,Player 1 wins
[ ][ ][ ],6,1,Player 1 wins
[ ][ ][ ],6,2,Player 2 wins
[ ][ ][ ],6,2,Player 2 wins
[ ][ ][ ],6,2,Player 2 wins
[ ][ ][ ],6,2,Player 2 wins
[ ][ ][ ],6,1,Player 4 wins
[ ][ ][ ],6,1,Player 4 wins
[ ][ ][ ],6,1,Player 4 wins
[ ][ ][ ],6,3,Player 4 wins
[ ][ ][ ],6,2,Player 0 wins
[ ][ ][ ],6,2,Player 0 wins
[ ][ ][ ],6,1,Player 3 wins
[ ][ ][ ],6,1,Player 3 wins
[ ][ ][ ],6,2,Player 1 wins
[ ][ ][ ],6,2,Player 1 wins
[ ][ ][ ],6,3,Player 1 wins
[ ][ ][ ],6,2,Player 2 wins
[ ][ ][ ],6,2,Player 3 wins
[ ][ ][ ],6,2,Player 3 wins
[ ][ ][ ],6,2,Player 3 wins
[ ][ ][ ],6,2,Player 3 wins
[ ][ ][ ],6,2,Player 2 wins
[ ][ ][ ],6,2,Player 2 wins
[ ][ ][ ],6,1,Player 4 wins
[ ][ ][ ],6,3,Player 0 wins
[ ][ ][ ],6,3,Player 0 wins
[ ][ ][ ],6,1,Player 3 wins
[ ][ ][ ],6,1,Player 3 wins
[ ][ ][ ],6,1,Player 1 wins
[ ][ ][ ],6,1,Player 1 wins
[ ][ ][ ],6,2,Player 2 wins
[ ][ ][ ],6,1,Player 0 wins
[ ][ ][ ],6,1,Player 0 wins
[ ][ ][ ],6,1,Player 0 wins
[ ][ ][ ],6,1,Player 1 wins
[ ][ ][ ],6,2,Player 5 wins
[ ][ ][ ],6,1,Player 3 wins
[ ][ ][ ],6,1,Player 3 wins
[ ][ ][ ],6,4,Player 0 wins
[ ][ ][ ],6,1,Player 3 wins
[ ][ ][ ],6,1,Player 5 wins
[ ][ ][ ],6,1,Player 5 wins
[ ][ ][ ],6,1,Player 5 wins
[ ][ ][ ],6,1,Player 3 wins
[ ][ ][ ],6,1,Player 3 wins
[ ][ ][ ],6,1,Player 3 wins
[ ][ ][ ],6,1,Player 3 wins
[ ][ ][ ],6,4,Player 5 wins
[ ][ ][ ],6,2,Player 1 wins
[ ][ ][ ],6,1,Player 1 wins
[ ][ ][ ],6,1,Player 1 wins
[ ][ ][ ],6,1,Player 1 wins
[ ][ ][ ],6,1,Player 5 wins
[ ][ ][ ],6,1,Player 5 wins
[ ][ ][ ],6,2,Player 2 wins
[ ][ ][ ],6,2,Player 2 wins
[ ][ ][ ],6,4,Player 1 wins
[ ][ ][ ],6,2,Player 1 wins
[ ][ ][ ],6,2,Player 1 wins
[ ][ ][ ],6,3,Player 4 wins
[ ][ ][ ],6,3,Player 4 wins
[ ][ ][ ],6,2,Player 4 wins
[ ][ ][ ],6,2,Player 4 wins
[ ][ ][ ],6,3,Player 1 wins
[ ][ ][ ],6,3,Player 1 wins
[ ][ ][ ],6,2,Player 1 wins
[ ][ ][ ],6,2,Player 0 wins
[ ][ ][ ],6,2,Player 0 wins
[ ][ ][ ],6,3,Player 2 wins
[ ][ ][ ],6,2,Player 1 wins
[ ][ ][ ],6,2,Player 1 wins
[ ][ ][ ],6,1,Player 3 wins
[ ][ ][ ],6,1,Player 3 wins
[ ][ ][ ],6,3,Player 5 wins
[ ][ ][ ],6,2,Player 0 wins
[ ][ ][ ],7,1,Player 6 wins
[ ][ ][ ],7,1,Player 0 wins
[ ][ ][ ],7,3,Player 1 wins
[ ][ ][ ],7,1,Player 4 wins
[ ][ ][ ],7,1,Player 4 wins
[ ][ ][ ],7,2,Player 4 wins
[ ][ ][ ],7,2,Player 4 wins
[ ][ ][ ],7,1,Player 5 wins
[ ][ ][ ],7,1,Player 5 wins
[ ][ ][ ],7,1,Player 5 wins
[ ][ ][ ],7,1,Player 1 wins
[ ][ ][ ],7,1,Player 1 wins
[ ][ ][ ],7,1,Player 1 wins
[ ][ ][ ],7,1,Player 1 wins
[ ][ ][ ],7,1,Player 1 wins
[ ][ ][ ],7,1,Player 1 wins
[ ][ ][ ],7,3,Player 4 wins
[ ][ ][ ],7,2,Player 1 wins
[ ][ ][ ],7,2,Player 1 wins
[ ][ ][ ],7,1,Player 3 wins
[ ][ ][ ],7,1,Player 3 wins
[ ][ ][ ],7,2,Player 3 wins
[ ][ ][ ],7,2,Player 3 wins
[ ][ ][ ],7,1,Player 3 wins
[ ][ ][ ],7,1,Player 3 wins
[ ][ ][ ],7,3,Player 4 wins
[ ][ ][ ],7,3,Player 4 wins
[ ][ ][ ],7,1,Player 5 wins
[ ][ ][ ],7,1,Player 5 wins
[ ][ ][ ],7,1,Player 4 wins
[ ][ ][ ],7,1,Player 3 wins
[ ][ ][ ],7,1,Player 3 wins
[ ][ ][ ],7,3,Player 4 wins
[ ][ ][ ],7,3,Player 4 wins
[ ][ ][ ],7,1,Player 0 wins
[ ][ ][ ],7,1,Player 4 wins
[ ][ ][ ],7,1,Player 4 wins
[ ][ ][ ],7,1,Player 4 wins
[ ][ ][ ],7,1,Player 0 wins
[ ][ ][ ],7,1,Player 0 wins
[ ][ ][ ],7,3,Player 1 wins
[ ][ ][ ],7,3,Player 1 wins
[ ][ ][ ],7,2,Player 1 wins
[ ][ ][ ],7,1,Player 1 wins
[ ][ ][ ],7,1,Player 2 wins
[ ][ ][ ],7,1,Player 2 wins
[ ][ ][ ],7,1,Player 2 wins
[ ][ ][ ],7,1,Player 1 wins
[ ][ ][ ],7,1,Player 1 wins
[ ][ ][ ],7,2,Player 3 wins
[ ][ ][ ],7,2,Player 3 wins
[ ][ ][ ],7,1,Player 0 wins
[ ][ ][ ],7,1,Player 3 wins
[ ][ ][ ],7,1,Player 3 wins
[ ][ ][ ],7,1,Player 3 wins
[ ][ ][ ],7,3,Player 4 wins
[ ][ ][ ],7,1,Player 0 wins
[ ][ ][ ],7,1,Player 0 wins
[ ][ ][ ],7,1,Player 0 wins
[ ][ ][ ],7,1,Player 0 wins
[ ][ ][ ],7,1,Player 1 wins
[ ][ ][ ],7,1,Player 1 wins
[ ][ ][ ],7,2,Player 5 wins
[ ][ ][ ],7,1,Player 1 wins
[ ][ ][ ],7,1,Player 1 wins
[ ][ ][ ],7,3,Player 0 wins
[ ][ ][ ],7,1,Player 6 wins
[ ][ ][ ],7,1,Player 6 wins
[ ][ ][ ],7,1,Player 2 wins
[ ][ ][ ],7,1,Player 2 wins
[ ][ ][ ],7,1,Player 2 wins
[ ][ ][ ],7,2,Player 0 wins
[ ][ ][ ],7,1,Player 1 wins
[ ][ ][ ],7,1,Player 1 wins
[ ][ ][ ],7,3,Player 3 wins
[ ][ ][ ],7,2,Player 3 wins
[ ][ ][ ],7,2,Player 3 wins
[ ][ ][ ],7,2,Player 1 wins
[ ][ ][ ],7,2,Player 1 wins
[ ][ ][ ],7,2,Player 3 wins
[ ][ ][ ],7,2,Player 3 wins
[ ][ ][ ],7,1,Player 0 wins
[ ][ ][ ],7,1,Player 0 wins
[ ][ ][ ],7,1,Player 0 wins
[ ][ ][ ],7,1,Player 1 wins
[ ][ ][ ],7,1,Player 1 wins
[ ][ ][ ],7,1,Player 1 wins
[ ][ ][ ],7,1,Player 2 wins
[ ][ ][ ],7,1,Player 2 wins
[ ][ ][ ],7,1,Player 6 wins
[ ][ ][ ],7,1,Player 6 wins
[ ][ ][ ],7,1,Player 5 wins
[ ][ ][ ],7,1,Player 5 wins
[ ][ ][ ],7,2,Player 5 wins
[ ][ ][ ],7,2,Player 5 wins
[ ][ ][ ],7,2,Player 5 wins
[ ][ ][ ],7,2,Player 4 wins
[ ][ ][ ],7,2,Player 4 wins
[ ][ ][ ],7,1,Player 6 wins
[ ][ ][ ],7,1,Player 6 wins
[ ][ ][ ],7,1,Player 6 wins
[ ][ ][ ],7,1,Player 6 wins
[ ][ ][ ],7,1,Player 6 wins
[ ][ ][ ],7,1,Player 6 wins
[ ][ ][ ],7,1,Player 3 wins
[ ][ ][ ],7,1,Player 3 wins
[ ][ ][ ],7,3,Player 3 wins
[ ][ ][ ],7,3,Player 3 wins
[ ][ ][ ],7,4,Player 5 wins
[ ][ ][ ],7,4,Player 5 wins
[ ][ ][ ],7,1,Player 3 wins
[ ][ ][ ],7,1,Player 5 wins
[ ][ ][ ],7,1,Player 5 wins
[ ][ ][ ],7,2,Player 0 wins
[ ][ ][ ],7,4,Player 3 wins
[ ][ ][ ],7,2,Player 1 wins
[ ][ ][ ],7,2,Player 1 wins
[ ][ ][ ],7,3,Player 1 wins
[ ][ ][ ],7,3,Player 0 wins
[ ][ ][ ],7,1,Player 2 wins
[ ][ ][ ],7,1,Player 2 wins
[ ][ ][ ],7,1,Player 2 wins
[ ][ ][ ],7,1,Player 2 wins
[ ][ ][ ],7,1,Player 2 wins
[ ][ ][ ],7,1,Player 2 wins
[ ][ ][ ],7,2,Player 6 wins
[ ][ ][ ],7,2,Player 6 wins
[ ][ ][ ],7,1,Player 3 wins
[ ][ ][ ],7,1,Player 3 wins
[ ][ ][ ],7,3,Player 2 wins
[ ][ ][ ],7,3,Player 2 wins
[ ][ ][ ],7,1,Player 4 wins
[ ][ ][ ],7,1,Player 4 wins
[ ][ ][ ],7,1,Player 2 wins
[ ][ ][ ],7,1,Player 1 wins
[ ][ ][ ],7,1,Player 1 wins
[ ][ ][ ],7,1,Player 0 wins
[ ][ ][ ],7,1,Player 0 wins
[ ][ ][ ],7,2,Player 3 wins
[ ][ ][ ],7,2,Player 3 wins
[ ][ ][ ],7,2,Player 5 wins
[ ][ ][ ],7,2,Player 5 wins
[ ][ ][ ],7,3,Player 1 wins
[ ][ ][ ],7,2,Player 3 wins
[ ][ ][ ],7,1,Player 6 wins
[ ][ ][ ],7,1,Player 6 wins
[ ][ ][ ],7,3,Player 5 wins
[ ][ ][ ],7,1,Player 0 wins
[ ][ ][ ],7,1,Player 0 wins
[ ][ ][ ],7,1,Player 5 wins
[ ][ ][ ],7,1,Player 5 wins
[ ][ ][ ],7,1,Player 5 wins
[ ][ ][ ],7,1,Player 5 wins
[ ][ ][ ],7,2,Player 1 wins
[ ][ ][ ],7,2,Player 1 wins
[ ][ ][ ],7,2,Player 2 wins
[ ][ ][ ],7,3,Player 6 wins
[ ][ ][ ],7,1,Player 1 wins
[ ][ ][ ],7,1,Player 1 wins
[ ][ ][ ],7,1,Player 0 wins
[ ][ ][ ],7,1,Player 0 wins
[ ][ ][ ],7,1,Player 0 wins
[ ][ ][ ],7,4,Player 2 wins
[ ][ ][ ],7,1,Player 0 wins
[ ][ ][ ],7,1,Player 0 wins
[ ][ ][ ],7,2,Player 3 wins
[ ][ ][ ],7,2,Player 3 wins
[ ][ ][ ],7,1,Player 0 wins
[ ][ ][ ],7,1,Player 0 wins
[ ][ ][ ],7,3,Player 1 wins
[ ][ ][ ],7,3,Player 1 wins
[ ][ ][ ],7,1,Player 1 wins
[ ][ ][ ],7,1,Player 1 wins
[ ][ ][ ],7,1,Player 1 wins
[ ][ ][ ],7,1,Player 1 wins
[ ][ ][ ],7,1,Player 1 wins
[ ][ ][ ],7,2,Player 5 wins
[ ][ ][ ],7,2,Player 5 wins
[ ][ ][ ],7,1,Player 1 wins
[ ][ ][ ],7,1,Player 1 wins
[ ][ ][ ],7,1,Player 1 wins
[ ][ ][ ],7,1,Player 1 wins
[ ][ ][ ],7,4,Player 6 wins
[ ][ ][ ],7,1,Player 3 wins
[ ][ ][ ],7,1,Player 3 wins
[ ][ ][ ],7,1,Player 3 wins
[ ][ ][ ],7,3,Player 4 wins
[ ][ ][ ],7,1,Player 0 wins
[ ][ ][ ],7,1,Player 0 wins
[ ][ ][ ],7,1,Player 0 wins
[ ][ ][ ],7,2,Player 6 wins
[ ][ ][ ],7,1,Player 3 wins
[ ][ ][ ],7,1,Player 3 wins
[ ][ ][ ],7,2,Player 6 wins
[ ][ ][ ],7,2,Player 6 wins
[ ][ ][ ],7,5,Player 0 wins
[ ][ ][ ],7,1,Player 0 wins
[ ][ ][ ],7,1,Player 0 wins
[ ][ ][ ],7,1,Player 0 wins
[ ][ ][ ],7,1,Player 4 wins
[ ][ ][ ],7,1,Player 4 wins
[ ][ ][ ],7,1,Player 0 wins
[ ][ ][ ],7,1,Player 0 wins
[ ][ ][ ],7,2,Player 4 wins
[ ][ ][ ],7,2,Player 4 wins
[ ][ ][ ],7,1,Player 0 wins
[ ][ ][ ],7,1,Player 0 wins
[ ][ ][ ],7,1,Player 0 wins
[ ][ ][ ],7,5,Player 4 wins
[ ][ ][ ],7,1,Player 4 wins
[ ][ ][ ],7,1,Player 4 wins
[ ][ ][ ],7,1,Player 4 wins
[ ][ ][ ],7,1,Player 4 wins
[ ][ ][ ],7,1,Player 4 wins
[ ][ ][ ],7,2,Player 1 wins
[ ][ ][ ],7,2,Player 1 wins
[ ][ ][ ],7,1,Player 2 wins
[ ][ ][ ],7,1,Player 2 wins
[ ][ ][ ],7,1,Player 1 wins
[ ][ ][ ],7,1,Player 1 wins
[ ][ ][ ],7,1,Player 3 wins
[ ][ ][ ],7,1,Player 3 wins
[ ][ ][ ],7,1,Player 3 wins
[ ][ ][ ],7,4,Player 6 wins
[ ][ ][ ],7,1,Player 2 wins
[ ][ ][ ],7,1,Player 5 wins
[ ][ ][ ],7,1,Player 5 wins
[ ][ ][ ],7,1,Player 5 wins
[ ][ ][ ],7,1,Player 6 wins
[ ][ ][ ],7,1,Player 5 wins
[ ][ ][ ],7,1,Player 0 wins
[ ][ ][ ],7,1,Player 0 wins
[ ][ ][ ],7,1,Player 0 wins
[ ][ ][ ],7,2,Player 4 wins
[ ][ ][ ],7,1,Player 2 wins
[ ][ ][ ],7,1,Player 2 wins
[ ][ ][ ],7,1,Player 2 wins
[ ][ ][ ],7,1,Player 6 wins
[ ][ ][ ],7,1,Player 6 wins
[ ][ ][ ],7,1,Player 6 wins
[ ][ ][ ],7,1,Player 4 wins
[ ][ ][ ],7,1,Player 4 wins
[ ][ ][ ],7,2,Player 4 wins
[ ][ ][ ],7,2,Player 4 wins
[ ][ ][ ],7,2,Player 4 wins
[ ][ ][ ],7,2,Player 4 wins
[ ][ ][ ],7,3,Player 6 wins
[ ][ ][ ],7,3,Player 6 wins
[ ][ ][ ],7,2,Player 5 wins
[ ][ ][ ],7,2,Player 5 wins
[ ][ ][ ],7,1,Player 2 wins
[ ][ ][ ],7,1,Player 2 wins
[ ][ ][ ],7,1,Player 2 wins
[ ][ ][ ],7,1,Player 1 wins
[ ][ ][ ],7,1,Player 1 wins
[ ][ ][ ],7,2,Player 2 wins
[ ][ ][ ],7,3,Player 0 wins
[ ][ ][ ],7,3,Player 0 wins
[ ][ ][ ],7,2,Player 6 wins
[ ][ ][ ],7,3,Player 1 wins
[ ][ ][ ],7,1,Player 3 wins
[ ][ ][ ],7,1,Player 3 wins
[ ][ ][ ],7,1,Player 5 wins
[ ][ ][ ],7,1,Player 5 wins
[ ][ ][ ],7,1,Player 5 wins
[ ][ ][ ],7,2,Player 4 wins
[ ][ ][ ],7,2,Player 4 wins
[ ][ ][ ],7,2,Player 2 wins
[ ][ ][ ],7,1,Player 2 wins
[ ][ ][ ],7,1,Player 2 wins
[ ][ ][ ],7,1,Player 4 wins
[ ][ ][ ],7,1,Player 4 wins
[ ][ ][ ],7,1,Player 0 wins
[ ][ ][ ],7,1,Player 0 wins
[ ][ ][ ],7,1,Player 0 wins
[ ][ ][ ],7,1,Player 2 wins
[ ][ ][ ],7,1,Player 1 wins
[ ][ ][ ],7,1,Player 1 wins
[ ][ ][ ],7,1,Player 3 wins
[ ][ ][ ],7,1,Player 3 wins
[ ][ ][ ],7,1,Player 1 wins
[ ][ ][ ],7,2,Player 3 wins
[ ][ ][ ],7,1,Player 2 wins
[ ][ ][ ],7,1,Player 2 wins
[ ][ ][ ],7,1,Player 2 wins
[ ][ ][ ],7,3,Player 5 wins
[ ][ ][ ],7,3,Player 5 wins
[ ][ ][ ],7,1,Player 1 wins
[ ][ ][ ],7,1,Player 1 wins
[ ][ ][ ],7,1,Player 1 wins
[ ][ ][ ],7,1,Player 1 wins
[ ][ ][ ],7,1,Player 1 wins
[ ][ ][ ],7,1,Player 4 wins
[ ][ ][ ],7,1,Player 4 wins
[ ][ ][ ],7,1,Player 4 wins
[ ][ ][ ],7,3,Player 5 wins
[ ][ ][ ],7,3,Player 5 wins
[ ][ ][ ],7,2,Player 5 wins
[ ][ ][ ],7,2,Player 5 wins
[ ][ ][ ],7,2,Player 5 wins
[ ][ ][ ],8,2,Player 2 wins
[ ][ ][ ],8,2,Player 2 wins
[ ][ ][ ],8,2,Player 2 wins
[ ][ ][ ],8,2,Player 2 wins
[ ][ ][ ],8,1,Player 2 wins
[ ][ ][ ],8,1,Player 2 wins
[ ][ ][ ],8,3,Player 7 wins
[ ][ ][ ],8,1,Player 7 wins
[ ][ ][ ],8,1,Player 7 wins
[ ][ ][ ],8,1,Player 1 wins
[ ][ ][ ],8,1,Player 1 wins
[ ][ ][ ],8,1,Player 3 wins
[ ][ ][ ],8,1,Player 3 wins
[ ][ ][ ],8,1,Player 3 wins
[ ][ ][ ],8,1,Player 0 wins
[ ][ ][ ],8,1,Player 0 wins
[ ][ ][ ],8,2,Player 7 wins
[ ][ ][ ],8,2,Player 7 wins
[ ][ ][ ],8,1,Player 3 wins
[ ][ ][ ],8,2,Player 3 wins
[ ][ ][ ],8,2,Player 3 wins
[ ][ ][ ],8,3,Player 6 wins
[ ][ ][ ],8,1,Player 3 wins
[ ][ ][ ],8,1,Player 3 wins
[ ][ ][ ],8,2,Player 4 wins
[ ][ ][ ],8,1,Player 2 wins
[ ][ ][ ],8,1,Player 2 wins
[ ][ ][ ],8,2,Player 4 wins
[ ][ ][ ],8,1,Player 4 wins
[ ][ ][ ],8,1,Player 4 wins
[ ][ ][ ],8,1,Player 4 wins
[ ][ ][ ],8,2,Player 5 wins
[ ][ ][ ],8,1,Player 1 wins
[ ][ ][ ],8,1,Player 1 wins
[ ][ ][ ],8,1,Player 0 wins
[ ][ ][ ],8,1,Player 7 wins
[ ][ ][ ],8,1,Player 7 wins
[ ][ ][ ],8,2,Player 7 wins
[ ][ ][ ],8,2,Player 7 wins
[ ][ ][ ],8,2,Player 7 wins
[ ][ ][ ],8,1,Player 7 wins
[ ][ ][ ],8,1,Player 7 wins
[ ][ ][ ],8,3,Player 4 wins
[ ][ ][ ],8,3,Player 0 wins
[ ][ ][ ],8,1,Player 7 wins
[ ][ ][ ],8,1,Player 2 wins
[ ][ ][ ],8,1,Player 2 wins
[ ][ ][ ],8,1,Player 1 wins
[ ][ ][ ],8,1,Player 1 wins
[ ][ ][ ],8,1,Player 1 wins
[ ][ ][ ],8,1,Player 4 wins
[ ][ ][ ],8,1,Player 4 wins
[ ][ ][ ],8,1,Player 4 wins
[ ][ ][ ],8,2,Player 0 wins
[ ][ ][ ],8,2,Player 0 wins
[ ][ ][ ],8,2,Player 0 wins
[ ][ ][ ],8,1,Player 4 wins
[ ][ ][ ],8,1,Player 4 wins
[ ][ ][ ],8,1,Player 4 wins
[ ][ ][ ],8,2,Player 2 wins
[ ][ ][ ],8,1,Player 3 wins
[ ][ ][ ],8,1,Player 3 wins
[ ][ ][ ],8,1,Player 3 wins
[ ][ ][ ],8,2,Player 5 wins
[ ][ ][ ],8,2,Player 5 wins
[ ][ ][ ],8,1,Player 1 wins
[ ][ ][ ],8,1,Player 1 wins
[ ][ ][ ],8,1,Player 1 wins
[ ][ ][ ],8,1,Player 0 wins
[ ][ ][ ],8,1,Player 0 wins
[ ][ ][ ],8,1,Player 0 wins
[ ][ ][ ],8,1,Player 4 wins
[ ][ ][ ],8,1,Player 4 wins
[ ][ ][ ],8,1,Player 4 wins
[ ][ ][ ],8,1,Player 1 wins
[ ][ ][ ],8,1,Player 1 wins
[ ][ ][ ],8,1,Player 1 wins
[ ][ ][ ],8,1,Player 1 wins
[ ][ ][ ],8,1,Player 1 wins
[ ][ ][ ],8,2,Player 0 wins
[ ][ ][ ],8,2,Player 0 wins
[ ][ ][ ],8,1,Player 4 wins
[ ][ ][ ],8,1,Player 4 wins
[ ][ ][ ],8,1,Player 4 wins
[ ][ ][ ],8,1,Player 2 wins
[ ][ ][ ],8,1,Player 2 wins
[ ][ ][ ],8,1,Player 7 wins
[ ][ ][ ],8,1,Player 7 wins
[ ][ ][ ],8,1,Player 7 wins
[ ][ ][ ],8,1,Player 3 wins
[ ][ ][ ],8,1,Player 3 wins
[ ][ ][ ],8,1,Player 3 wins
[ ][ ][ ],8,1,Player 7 wins
[ ][ ][ ],8,2,Player 6 wins
[ ][ ][ ],8,2,Player 6 wins
[ ][ ][ ],8,1,Player 7 wins
[ ][ ][ ],8,1,Player 7 wins
[ ][ ][ ],8,1,Player 5 wins
[ ][ ][ ],8,1,Player 5 wins
[ ][ ][ ],8,1,Player 5 wins
[ ][ ][ ],8,1,Player 0 wins
[ ][ ][ ],8,1,Player 0 wins
[ ][ ][ ],8,3,Player 3 wins
[ ][ ][ ],8,2,Player 1 wins
[ ][ ][ ],8,2,Player 1 wins
[ ][ ][ ],8,2,Player 1 wins
[ ][ ][ ],8,2,Player 1 wins
[ ][ ][ ],8,2,Player 1 wins
[ ][ ][ ],8,3,Player 4 wins
[ ][ ][ ],8,2,Player 3 wins
[ ][ ][ ],8,2,Player 7 wins
[ ][ ][ ],8,2,Player 7 wins
[ ][ ][ ],8,2,Player 0 wins
[ ][ ][ ],8,2,Player 0 wins
[ ][ ][ ],8,1,Player 3 wins
[ ][ ][ ],8,1,Player 3 wins
[ ][ ][ ],8,1,Player 3 wins
[ ][ ][ ],8,1,Player 3 wins
[ ][ ][ ],8,1,Player 4 wins
[ ][ ][ ],8,1,Player 4 wins
[ ][ ][ ],8,1,Player 4 wins
[ ][ ][ ],8,1,Player 0 wins
[ ][ ][ ],8,1,Player 0 wins
[ ][ ][ ],8,2,Player 5 wins
[ ][ ][ ],8,2,Player 5 wins
[ ][ ][ ],8,1,Player 7 wins
[ ][ ][ ],8,1,Player 7 wins
[ ][ ][ ],8,1,Player 5 wins
[ ][ ][ ],8,1,Player 4 wins
[ ][ ][ ],8,1,Player 4 wins
[ ][ ][ ],8,2,Player 4 wins
[ ][ ][ ],8,2,Player 4 wins
[ ][ ][ ],8,2,Player 1 wins
[ ][ ][ ],8,2,Player 1 wins
[ ][ ][ ],8,1,Player 4 wins
[ ][ ][ ],8,1,Player 4 wins
[ ][ ][ ],8,1,Player 1 wins
[ ][ ][ ],8,1,Player 1 wins
[ ][ ][ ],8,1,Player 1 wins
[ ][ ][ ],8,2,Player 6 wins
[ ][ ][ ],8,2,Player 6 wins
[ ][ ][ ],8,1,Player 2 wins
[ ][ ][ ],8,1,Player 1 wins
[ ][ ][ ],8,1,Player 1 wins
[ ][ ][ ],8,1,Player 0 wins
[ ][ ][ ],8,1,Player 0 wins
[ ][ ][ ],8,2,Player 0 wins
[ ][ ][ ],8,2,Player 0 wins
[ ][ ][ ],8,1,Player 1 wins
[ ][ ][ ],8,1,Player 1 wins
[ ][ ][ ],8,1,Player 2 wins
[ ][ ][ ],8,1,Player 2 wins
[ ][ ][ ],8,1,Player 1 wins
[ ][ ][ ],8,1,Player 1 wins
[ ][ ][ ],8,1,Player 1 wins
[ ][ ][ ],8,3,Player 0 wins
[ ][ ][ ],8,3,Player 0 wins
[ ][ ][ ],8,1,Player 4 wins
[ ][ ][ ],8,1,Player 6 wins
[ ][ ][ ],8,1,Player 6 wins
[ ][ ][ ],8,2,Player 3 wins
[ ][ ][ ],8,2,Player 3 wins
[ ][ ][ ],8,1,Player 0 wins
[ ][ ][ ],8,1,Player 0 wins
[ ][ ][ ],8,1,Player 6 wins
[ ][ ][ ],8,1,Player 6 wins
[ ][ ][ ],8,1,Player 0 wins
[ ][ ][ ],8,1,Player 0 wins
[ ][ ][ ],8,1,Player 0 wins
[ ][ ][ ],8,2,Player 4 wins
[ ][ ][ ],8,2,Player 4 wins
[ ][ ][ ],8,1,Player 5 wins
[ ][ ][ ],8,1,Player 5 wins
[ ][ ][ ],8,3,Player 7 wins
[ ][ ][ ],8,1,Player 0 wins
[ ][ ][ ],8,1,Player 0 wins
[ ][ ][ ],8,1,Player 1 wins
[ ][ ][ ],8,1,Player 3 wins
[ ][ ][ ],8,1,Player 3 wins
[ ][ ][ ],8,1,Player 3 wins
[ ][ ][ ],8,2,Player 7 wins
[ ][ ][ ],8,2,Player 7 wins
[ ][ ][ ],8,1,Player 7 wins
[ ][ ][ ],8,1,Player 5 wins
[ ][ ][ ],8,1,Player 5 wins
[ ][ ][ ],8,1,Player 5 wins
[ ][ ][ ],8,1,Player 5 wins
[ ][ ][ ],8,1,Player 5 wins
[ ][ ][ ],8,1,Player 0 wins
[ ][ ][ ],8,1,Player 0 wins
[ ][ ][ ],8,1,Player 3 wins
[ ][ ][ ],8,1,Player 3 wins
[ ][ ][ ],8,1,Player 4 wins
[ ][ ][ ],8,1,Player 4 wins
[ ][ ][ ],8,1,Player 2 wins
[ ][ ][ ],8,1,Player 2 wins
[ ][ ][ ],8,2,Player 2 wins
[ ][ ][ ],8,2,Player 2 wins
[ ][ ][ ],8,2,Player 3 wins
[ ][ ][ ],8,2,Player 3 wins
[ ][ ][ ],8,1,Player 2 wins
[ ][ ][ ],8,2,Player 4 wins
[ ][ ][ ],8,2,Player 4 wins
[ ][ ][ ],8,2,Player 4 wins
[ ][ ][ ],8,1,Player 5 wins
[ ][ ][ ],8,1,Player 5 wins
[ ][ ][ ],8,1,Player 0 wins
[ ][ ][ ],8,1,Player 0 wins
[ ][ ][ ],8,1,Player 1 wins
[ ][ ][ ],8,1,Player 1 wins
[ ][ ][ ],8,1,Player 1 wins
[ ][ ][ ],8,2,Player 2 wins
[ ][ ][ ],8,2,Player 2 wins
[ ][ ][ ],8,2,Player 5 wins
[ ][ ][ ],8,2,Player 5 wins
[ ][ ][ ],8,2,Player 2 wins
[ ][ ][ ],8,2,Player 2 wins
[ ][ ][ ],8,2,Player 3 wins
[ ][ ][ ],8,2,Player 3 wins
[ ][ ][ ],8,2,Player 4 wins
[ ][ ][ ],8,1,Player 1 wins
[ ][ ][ ],8,1,Player 1 wins
[ ][ ][ ],8,1,Player 1 wins
[ ][ ][ ],8,1,Player 1 wins
[ ][ ][ ],8,1,Player 6 wins
[ ][ ][ ],8,1,Player 1 wins
[ ][ ][ ],8,1,Player 1 wins
[ ][ ][ ],8,1,Player 7 wins
[ ][ ][ ],8,1,Player 7 wins
[ ][ ][ ],8,1,Player 4 wins
[ ][ ][ ],8,1,Player 4 wins
[ ][ ][ ],8,1,Player 4 wins
[ ][ ][ ],8,1,Player 5 wins
[ ][ ][ ],8,1,Player 5 wins
[ ][ ][ ],8,1,Player 5 wins
[ ][ ][ ],8,1,Player 1 wins
[ ][ ][ ],8,1,Player 1 wins
[ ][ ][ ],8,1,Player 1 wins
[ ][ ][ ],8,1,Player 4 wins
[ ][ ][ ],8,1,Player 4 wins
[ ][ ][ ],8,1,Player 4 wins
[ ][ ][ ],8,2,Player 1 wins
[ ][ ][ ],8,2,Player 1 wins
[ ][ ][ ],8,2,Player 0 wins
[ ][ ][ ],8,2,Player 0 wins
[ ][ ][ ],8,3,Player 3 wins
[ ][ ][ ],8,3,Player 3 wins
[ ][ ][ ],8,3,Player 1 wins
[ ][ ][ ],8,2,Player 6 wins
[ ][ ][ ],8,3,Player 5 wins
[ ][ ][ ],8,3,Player 5 wins
[ ][ ][ ],8,2,Player 2 wins
[ ][ ][ ],8,2,Player 2 wins
[ ][ ][ ],8,1,Player 2 wins
[ ][ ][ ],8,1,Player 2 wins
[ ][ ][ ],8,1,Player 2 wins
[ ][ ][ ],8,1,Player 1 wins
[ ][ ][ ],8,1,Player 1 wins
[ ][ ][ ],8,1,Player 1 wins
[ ][ ][ ],8,1,Player 5 wins
[ ][ ][ ],8,1,Player 5 wins
[ ][ ][ ],8,4,Player 1 wins
[ ][ ][ ],8,1,Player 5 wins
[ ][ ][ ],8,1,Player 1 wins
[ ][ ][ ],8,1,Player 1 wins
[ ][ ][ ],8,1,Player 1 wins
[ ][ ][ ],8,3,Player 0 wins
[ ][ ][ ],8,3,Player 0 wins
[ ][ ][ ],8,2,Player 5 wins
[ ][ ][ ],8,1,Player 3 wins
[ ][ ][ ],8,1,Player 3 wins
[ ][ ][ ],8,1,Player 4 wins
[ ][ ][ ],8,1,Player 4 wins
[ ][ ][ ],8,1,Player 4 wins
[ ][ ][ ],8,1,Player 1 wins
[ ][ ][ ],8,1,Player 1 wins
[ ][ ][ ],8,1,Player 3 wins
[ ][ ][ ],8,1,Player 3 wins
[ ][ ][ ],8,1,Player 3 wins
[ ][ ][ ],8,1,Player 6 wins
[ ][ ][ ],8,1,Player 6 wins
[ ][ ][ ],8,2,Player 6 wins
[ ][ ][ ],8,2,Player 6 wins
[ ][ ][ ],8,1,Player 3 wins
[ ][ ][ ],8,1,Player 3 wins
[ ][ ][ ],8,1,Player 3 wins
[ ][ ][ ],8,2,Player 3 wins
[ ][ ][ ],8,1,Player 1 wins
[ ][ ][ ],8,1,Player 1 wins
[ ][ ][ ],8,1,Player 1 wins
[ ][ ][ ],8,2,Player 2 wins
[ ][ ][ ],8,2,Player 2 wins
[ ][ ][ ],8,1,Player 0 wins
[ ][ ][ ],8,1,Player 0 wins
[ ][ ][ ],8,2,Player 3 wins
[ ][ ][ ],8,1,Player 0 wins
[ ][ ][ ],8,1,Player 0 wins
[ ][ ][ ],8,1,Player 0 wins
[ ][ ][ ],8,1,Player 0 wins
[ ][ ][ ],8,4,Player 6 wins
[ ][ ][ ],9,3,Player 3 wins
[ ][ ][ ],9,2,Player 0 wins
[ ][ ][ ],9,1,Player 6 wins
[ ][ ][ ],9,1,Player 5 wins
[ ][ ][ ],9,1,Player 5 wins
[ ][ ][ ],9,1,Player 4 wins
[ ][ ][ ],9,1,Player 4 wins
[ ][ ][ ],9,1,Player 3 wins
[ ][ ][ ],9,1,Player 3 wins
[ ][ ][ ],9,1,Player 7 wins
[ ][ ][ ],9,1,Player 3 wins
[ ][ ][ ],9,1,Player 3 wins
[ ][ ][ ],9,2,Player 8 wins
[ ][ ][ ],9,1,Player 3 wins
[ ][ ][ ],9,1,Player 3 wins
[ ][ ][ ],9,1,Player 3 wins
[ ][ ][ ],9,1,Player 4 wins
[ ][ ][ ],9,1,Player 4 wins
[ ][ ][ ],9,2,Player 8 wins
[ ][ ][ ],9,2,Player 8 wins
[ ][ ][ ],9,2,Player 8 wins
[ ][ ][ ],9,2,Player 8 wins
[ ][ ][ ],9,2,Player 6 wins
[ ][ ][ ],9,2,Player 6 wins
[ ][ ][ ],9,1,Player 5 wins
[ ][ ][ ],9,1,Player 3 wins
[ ][ ][ ],9,1,Player 3 wins
[ ][ ][ ],9,4,Player 3 wins
[ ][ ][ ],9,1,Player 3 wins
[ ][ ][ ],9,1,Player 3 wins
[ ][ ][ ],9,1,Player 0 wins
[ ][ ][ ],9,1,Player 8 wins
[ ][ ][ ],9,1,Player 8 wins
[ ][ ][ ],9,1,Player 0 wins
[ ][ ][ ],9,1,Player 0 wins
[ ][ ][ ],9,2,Player 0 wins
[ ][ ][ ],9,1,Player 0 wins
[ ][ ][ ],9,1,Player 0 wins
[ ][ ][ ],9,1,Player 0 wins
[ ][ ][ ],9,2,Player 4 wins
[ ][ ][ ],9,1,Player 4 wins
[ ][ ][ ],9,1,Player 4 wins
[ ][ ][ ],9,1,Player 1 wins
[ ][ ][ ],9,1,Player 1 wins
[ ][ ][ ],9,1,Player 1 wins
[ ][ ][ ],9,1,Player 8 wins
[ ][ ][ ],9,2,Player 5 wins
[ ][ ][ ],9,2,Player 5 wins
[ ][ ][ ],9,1,Player 2 wins
[ ][ ][ ],9,1,Player 2 wins
[ ][ ][ ],9,1,Player 2 wins
[ ][ ][ ],9,4,Player 3 wins
[ ][ ][ ],9,1,Player 8 wins
[ ][ ][ ],9,1,Player 8 wins
[ ][ ][ ],9,1,Player 8 wins
[ ][ ][ ],9,1,Player 0 wins
[ ][ ][ ],9,1,Player 0 wins
[ ][ ][ ],9,1,Player 0 wins
[ ][ ][ ],9,2,Player 4 wins
[ ][ ][ ],9,2,Player 4 wins
[ ][ ][ ],9,1,Player 2 wins
[ ][ ][ ],9,1,Player 2 wins
[ ][ ][ ],9,1,Player 2 wins
[ ][ ][ ],9,1,Player 2 wins
[ ][ ][ ],9,1,Player 2 wins
[ ][ ][ ],9,1,Player 1 wins
[ ][ ][ ],9,1,Player 1 wins
[ ][ ][ ],9,1,Player 1 wins
[ ][ ][ ],9,1,Player 1 wins
[ ][ ][ ],9,1,Player 1 wins
[ ][ ][ ],9,1,Player 1 wins
[ ][ ][ ],9,2,Player 5 wins
[ ][ ][ ],9,2,Player 5 wins
[ ][ ][ ],9,1,Player 3 wins
[ ][ ][ ],9,1,Player 3 wins
[ ][ ][ ],9,1,Player 1 wins
[ ][ ][ ],9,1,Player 1 wins
[ ][ ][ ],9,1,Player 1 wins
[ ][ ][ ],9,1,Player 2 wins
[ ][ ][ ],9,1,Player 2 wins
[ ][ ][ ],9,1,Player 4 wins
[ ][ ][ ],9,1,Player 4 wins
[ ][ ][ ],9,1,Player 4 wins
[ ][ ][ ],9,1,Player 0 wins
[ ][ ][ ],9,1,Player 0 wins
[ ][ ][ ],9,1,Player 5 wins
[ ][ ][ ],9,1,Player 5 wins
[ ][ ][ ],9,3,Player 4 wins
[ ][ ][ ],9,3,Player 4 wins
[ ][ ][ ],9,1,Player 1 wins
[ ][ ][ ],9,1,Player 0 wins
[ ][ ][ ],9,1,Player 0 wins
[ ][ ][ ],9,1,Player 0 wins
[ ][ ][ ],9,1,Player 0 wins
[ ][ ][ ],9,1,Player 6 wins
[ ][ ][ ],9,1,Player 6 wins
[ ][ ][ ],9,1,Player 7 wins
[ ][ ][ ],9,1,Player 7 wins
[ ][ ][ ],9,1,Player 0 wins
[ ][ ][ ],9,1,Player 0 wins
[ ][ ][ ],9,1,Player 0 wins
[ ][ ][ ],9,1,Player 7 wins
[ ][ ][ ],9,1,Player 0 wins
[ ][ ][ ],9,1,Player 0 wins
[ ][ ][ ],9,1,Player 0 wins
[ ][ ][ ],9,2,Player 5 wins
[ ][ ][ ],9,2,Player 5 wins
[ ][ ][ ],9,2,Player 4 wins
[ ][ ][ ],9,1,Player 2 wins
[ ][ ][ ],9,1,Player 4 wins
[ ][ ][ ],9,1,Player 4 wins
[ ][ ][ ],9,2,Player 8 wins
[ ][ ][ ],9,1,Player 0 wins
[ ][ ][ ],9,1,Player 0 wins
[ ][ ][ ],9,1,Player 6 wins
[ ][ ][ ],9,1,Player 6 wins
[ ][ ][ ],9,2,Player 2 wins
[ ][ ][ ],9,1,Player 0 wins
[ ][ ][ ],9,1,Player 0 wins
[ ][ ][ ],9,1,Player 0 wins
[ ][ ][ ],9,2,Player 1 wins
[ ][ ][ ],9,2,Player 1 wins
[ ][ ][ ],9,1,Player 8 wins
[ ][ ][ ],9,1,Player 8 wins
[ ][ ][ ],9,1,Player 4 wins
[ ][ ][ ],9,1,Player 4 wins
[ ][ ][ ],9,1,Player 1 wins
[ ][ ][ ],9,1,Player 1 wins
[ ][ ][ ],9,1,Player 3 wins
[ ][ ][ ],9,1,Player 3 wins
[ ][ ][ ],9,1,Player 3 wins
[ ][ ][ ],9,1,Player 0 wins
[ ][ ][ ],9,1,Player 0 wins
[ ][ ][ ],9,1,Player 2 wins
[ ][ ][ ],9,1,Player 2 wins
[ ][ ][ ],9,1,Player 5 wins
[ ][ ][ ],9,1,Player 5 wins
[ ][ ][ ],9,1,Player 0 wins
[ ][ ][ ],9,1,Player 0 wins
[ ][ ][ ],9,1,Player 3 wins
[ ][ ][ ],9,1,Player 2 wins
[ ][ ][ ],9,1,Player 2 wins
[ ][ ][ ],9,1,Player 2 wins
[ ][ ][ ],9,1,Player 6 wins
[ ][ ][ ],9,1,Player 6 wins
[ ][ ][ ],9,1,Player 5 wins
[ ][ ][ ],9,2,Player 4 wins
[ ][ ][ ],9,2,Player 4 wins
[ ][ ][ ],9,1,Player 0 wins
[ ][ ][ ],9,1,Player 0 wins
[ ][ ][ ],9,2,Player 4 wins
[ ][ ][ ],9,2,Player 4 wins
[ ][ ][ ],9,1,Player 3 wins
[ ][ ][ ],9,1,Player 3 wins
[ ][ ][ ],9,1,Player 3 wins
[ ][ ][ ],9,1,Player 5 wins
[ ][ ][ ],9,1,Player 5 wins
[ ][ ][ ],9,1,Player 1 wins
[ ][ ][ ],9,1,Player 1 wins
[ ][ ][ ],9,1,Player 3 wins
[ ][ ][ ],9,1,Player 3 wins
[ ][ ][ ],9,1,Player 3 wins
[ ][ ][ ],9,2,Player 2 wins
[ ][ ][ ],9,2,Player 2 wins
[ ][ ][ ],9,2,Player 2 wins
[ ][ ][ ],9,2,Player 2 wins
[ ][ ][ ],9,3,Player 3 wins
[ ][ ][ ],9,1,Player 7 wins
[ ][ ][ ],9,1,Player 7 wins
[ ][ ][ ],9,1,Player 3 wins
[ ][ ][ ],9,1,Player 3 wins
[ ][ ][ ],9,1,Player 5 wins
[ ][ ][ ],9,1,Player 5 wins
[ ][ ][ ],9,1,Player 5 wins
[ ][ ][ ],9,1,Player 0 wins
[ ][ ][ ],9,2,Player 6 wins
[ ][ ][ ],9,2,Player 6 wins
[ ][ ][ ],9,1,Player 2 wins
[ ][ ][ ],9,1,Player 2 wins
[ ][ ][ ],9,1,Player 1 wins
[ ][ ][ ],9,1,Player 1 wins
[ ][ ][ ],9,1,Player 1 wins
[ ][ ][ ],9,1,Player 0 wins
[ ][ ][ ],9,1,Player 0 wins
[ ][ ][ ],9,2,Player 3 wins
[ ][ ][ ],9,2,Player 3 wins
[ ][ ][ ],9,1,Player 1 wins
[ ][ ][ ],9,1,Player 1 wins
[ ][ ][ ],9,4,Player 1 wins
[ ][ ][ ],9,3,Player 7 wins
[ ][ ][ ],9,1,Player 1 wins
[ ][ ][ ],9,1,Player 1 wins
[ ][ ][ ],9,1,Player 0 wins
[ ][ ][ ],9,1,Player 0 wins
[ ][ ][ ],9,1,Player 0 wins
[ ][ ][ ],9,1,Player 0 wins
[ ][ ][ ],9,1,Player 2 wins
[ ][ ][ ],9,1,Player 1 wins
[ ][ ][ ],9,1,Player 1 wins
[ ][ ][ ],9,1,Player 6 wins
[ ][ ][ ],9,1,Player 6 wins
[ ][ ][ ],9,1,Player 6 wins
[ ][ ][ ],9,1,Player 0 wins
[ ][ ][ ],9,1,Player 0 wins
[ ][ ][ ],9,1,Player 0 wins
[ ][ ][ ],9,2,Player 5 wins
[ ][ ][ ],9,2,Player 5 wins
[ ][ ][ ],9,3,Player 0 wins
[ ][ ][ ],9,2,Player 3 wins
[ ][ ][ ],9,1,Player 3 wins
[ ][ ][ ],9,1,Player 7 wins
[ ][ ][ ],9,1,Player 7 wins
[ ][ ][ ],9,1,Player 7 wins
[ ][ ][ ],9,1,Player 2 wins
[ ][ ][ ],9,1,Player 2 wins
[ ][ ][ ],9,1,Player 2 wins
[ ][ ][ ],9,1,Player 2 wins
[ ][ ][ ],9,1,Player 2 wins
[ ][ ][ ],9,1,Player 5 wins
[ ][ ][ ],9,1,Player 5 wins
[ ][ ][ ],9,1,Player 0 wins
[ ][ ][ ],9,1,Player 0 wins
[ ][ ][ ],9,1,Player 4 wins
[ ][ ][ ],9,1,Player 4 wins
[ ][ ][ ],9,1,Player 0 wins
[ ][ ][ ],9,1,Player 0 wins
[ ][ ][ ],9,1,Player 0 wins
[ ][ ][ ],9,2,Player 0 wins
[ ][ ][ ],9,2,Player 3 wins
[ ][ ][ ],9,2,Player 3 wins
[ ][ ][ ],9,1,Player 0 wins
[ ][ ][ ],9,1,Player 0 wins
[ ][ ][ ],9,1,Player 3 wins
[ ][ ][ ],9,1,Player 3 wins
[ ][ ][ ],9,1,Player 3 wins
[ ][ ][ ],9,2,Player 1 wins
[ ][ ][ ],9,2,Player 1 wins
[ ][ ][ ],9,2,Player 0 wins
[ ][ ][ ],9,2,Player 0 wins
[ ][ ][ ],9,2,Player 5 wins
[ ][ ][ ],9,1,Player 6 wins
[ ][ ][ ],9,1,Player 6 wins
[ ][ ][ ],9,2,Player 7 wins
[ ][ ][ ],9,2,Player 7 wins
[ ][ ][ ],9,1,Player 7 wins
[ ][ ][ ],9,1,Player 7 wins
[ ][ ][ ],9,1,Player 2 wins
[ ][ ][ ],9,1,Player 2 wins
[ ][ ][ ],9,1,Player 5 wins
[ ][ ][ ],9,1,Player 5 wins
[ ][ ][ ],9,1,Player 3 wins
[ ][ ][ ],9,1,Player 3 wins
[ ][ ][ ],9,2,Player 0 wins
[ ][ ][ ],9,2,Player 0 wins
[ ][ ][ ],9,1,Player 7 wins
[ ][ ][ ],9,1,Player 7 wins
[ ][ ][ ],9,1,Player 3 wins
[ ][ ][ ],9,1,Player 3 wins
[ ][ ][ ],9,2,Player 5 wins
[ ][ ][ ],9,2,Player 5 wins
[ ][ ][ ],9,1,Player 8 wins
[ ][ ][ ],9,1,Player 3 wins
[ ][ ][ ],9,1,Player 3 wins
[ ][ ][ ],9,1,Player 3 wins
[ ][ ][ ],9,1,Player 4 wins
[ ][ ][ ],9,1,Player 1 wins
[ ][ ][ ],9,1,Player 1 wins
[ ][ ][ ],9,1,Player 7 wins
[ ][ ][ ],9,1,Player 7 wins
[ ][ ][ ],9,1,Player 7 wins
[ ][ ][ ],9,2,Player 7 wins
[ ][ ][ ],9,2,Player 7 wins
[ ][ ][ ],9,1,Player 0 wins
[ ][ ][ ],9,1,Player 0 wins
[ ][ ][ ],9,2,Player 4 wins
[ ][ ][ ],9,2,Player 4 wins
[ ][ ][ ],9,1,Player 2 wins
[ ][ ][ ],9,1,Player 2 wins
[ ][ ][ ],9,2,Player 0 wins
[ ][ ][ ],9,1,Player 4 wins
[ ][ ][ ],9,1,Player 4 wins
[ ][ ][ ],9,1,Player 0 wins
[ ][ ][ ],9,1,Player 0 wins
[ ][ ][ ],9,2,Player 3 wins
[ ][ ][ ],9,1,Player 6 wins
[ ][ ][ ],9,1,Player 6 wins
[ ][ ][ ],9,1,Player 1 wins
[ ][ ][ ],9,1,Player 1 wins
[ ][ ][ ],9,1,Player 1 wins
[ ][ ][ ],9,2,Player 0 wins
[ ][ ][ ],9,1,Player 0 wins
[ ][ ][ ],9,1,Player 0 wins
[ ][ ][ ],9,2,Player 2 wins
[ ][ ][ ],9,2,Player 2 wins
[ ][ ][ ],9,1,Player 4 wins
[ ][ ][ ],9,1,Player 4 wins
[ ][ ][ ],9,1,Player 1 wins
[ ][ ][ ],9,1,Player 1 wins
[ ][ ][ ],9,1,Player 3 wins
[ ][ ][ ],9,1,Player 3 wins
[ ][ ][ ],10,1,Player 2 wins
[ ][ ][ ],10,1,Player 2 wins
[ ][ ][ ],10,1,Player 7 wins
[ ][ ][ ],10,2,Player 7 wins
[ ][ ][ ],10,2,Player 7 wins
[ ][ ][ ],10,1,Player 4 wins
[ ][ ][ ],10,1,Player 4 wins
[ ][ ][ ],10,1,Player 0 wins
[ ][ ][ ],10,1,Player 0 wins
[ ][ ][ ],10,1,Player 8 wins
[ ][ ][ ],10,1,Player 8 wins
[ ][ ][ ],10,1,Player 2 wins
[ ][ ][ ],10,1,Player 2 wins
[ ][ ][ ],10,1,Player 2 wins
[ ][ ][ ],10,1,Player 4 wins
[ ][ ][ ],10,1,Player 4 wins
[ ][ ][ ],10,1,Player 9 wins
[ ][ ][ ],10,1,Player 9 wins
[ ][ ][ ],10,1,Player 5 wins
[ ][ ][ ],10,1,Player 5 wins
[ ][ ][ ],10,1,Player 6 wins
[ ][ ][ ],10,1,Player 6 wins
[ ][ ][ ],10,2,Player 5 wins
[ ][ ][ ],10,2,Player 5 wins
[ ][ ][ ],10,1,Player 0 wins
[ ][ ][ ],10,1,Player 0 wins
[ ][ ][ ],10,1,Player 0 wins
[ ][ ][ ],10,1,Player 4 wins
[ ][ ][ ],10,1,Player 4 wins
[ ][ ][ ],10,1,Player 7 wins
[ ][ ][ ],10,1,Player 7 wins
[ ][ ][ ],10,1,Player 3 wins
[ ][ ][ ],10,1,Player 3 wins
[ ][ ][ ],10,2,Player 2 wins
[ ][ ][ ],10,1,Player 8 wins
[ ][ ][ ],10,1,Player 3 wins
[ ][ ][ ],10,1,Player 3 wins
[ ][ ][ ],10,1,Player 1 wins
[ ][ ][ ],10,1,Player 1 wins
[ ][ ][ ],10,1,Player 6 wins
[ ][ ][ ],10,1,Player 7 wins
[ ][ ][ ],10,1,Player 7 wins
[ ][ ][ ],10,3,Player 1 wins
[ ][ ][ ],10,1,Player 0 wins
[ ][ ][ ],10,1,Player 5 wins
[ ][ ][ ],10,1,Player 5 wins
[ ][ ][ ],10,2,Player 8 wins
[ ][ ][ ],10,2,Player 8 wins
[ ][ ][ ],10,1,Player 4 wins
[ ][ ][ ],10,1,Player 2 wins
[ ][ ][ ],10,1,Player 2 wins
[ ][ ][ ],10,1,Player 2 wins
[ ][ ][ ],10,1,Player 2 wins
[ ][ ][ ],10,1,Player 2 wins
[ ][ ][ ],10,1,Player 5 wins
[ ][ ][ ],10,1,Player 5 wins
[ ][ ][ ],10,1,Player 8 wins
[ ][ ][ ],10,1,Player 7 wins
[ ][ ][ ],10,1,Player 7 wins
[ ][ ][ ],10,3,Player 5 wins
[ ][ ][ ],10,1,Player 6 wins
[ ][ ][ ],10,1,Player 6 wins
[ ][ ][ ],10,1,Player 8 wins
[ ][ ][ ],10,1,Player 8 wins
[ ][ ][ ],10,1,Player 2 wins
[ ][ ][ ],10,1,Player 9 wins
[ ][ ][ ],10,1,Player 9 wins
[ ][ ][ ],10,1,Player 9 wins
[ ][ ][ ],10,1,Player 4 wins
[ ][ ][ ],10,1,Player 4 wins
[ ][ ][ ],10,3,Player 4 wins
[ ][ ][ ],10,1,Player 1 wins
[ ][ ][ ],10,2,Player 4 wins
[ ][ ][ ],10,2,Player 4 wins
[ ][ ][ ],10,1,Player 1 wins
[ ][ ][ ],10,1,Player 1 wins
[ ][ ][ ],10,1,Player 1 wins
[ ][ ][ ],10,2,Player 6 wins
[ ][ ][ ],10,1,Player 3 wins
[ ][ ][ ],10,1,Player 3 wins
[ ][ ][ ],10,1,Player 3 wins
[ ][ ][ ],10,2,Player 8 wins
[ ][ ][ ],10,2,Player 8 wins
[ ][ ][ ],10,2,Player 3 wins
[ ][ ][ ],10,1,Player 1 wins
[ ][ ][ ],10,1,Player 1 wins
[ ][ ][ ],10,2,Player 3 wins
[ ][ ][ ],10,2,Player 3 wins
[ ][ ][ ],10,1,Player 1 wins
[ ][ ][ ],10,1,Player 1 wins
[ ][ ][ ],10,1,Player 6 wins
[ ][ ][ ],10,1,Player 6 wins
[ ][ ][ ],10,1,Player 6 wins
[ ][ ][ ],10,1,Player 7 wins
[ ][ ][ ],10,1,Player 7 wins
[ ][ ][ ],10,1,Player 9 wins
[ ][ ][ ],10,1,Player 9 wins
[ ][ ][ ],10,1,Player 9 wins
[ ][ ][ ],10,2,Player 9 wins
[ ][ ][ ],10,1,Player 8 wins
[ ][ ][ ],10,1,Player 8 wins
[ ][ ][ ],10,1,Player 8 wins
[ ][ ][ ],10,1,Player 2 wins
[ ][ ][ ],10,1,Player 2 wins
[ ][ ][ ],10,1,Player 8 wins
[ ][ ][ ],10,1,Player 8 wins
[ ][ ][ ],10,2,Player 8 wins
[ ][ ][ ],10,2,Player 0 wins
[ ][ ][ ],10,2,Player 0 wins
[ ][ ][ ],10,1,Player 0 wins
[ ][ ][ ],10,1,Player 0 wins
[ ][ ][ ],10,1,Player 2 wins
[ ][ ][ ],10,1,Player 2 wins
[ ][ ][ ],10,1,Player 2 wins
[ ][ ][ ],10,1,Player 0 wins
[ ][ ][ ],10,1,Player 0 wins
[ ][ ][ ],10,1,Player 0 wins
[ ][ ][ ],10,1,Player 3 wins
[ ][ ][ ],10,1,Player 3 wins
[ ][ ][ ],10,1,Player 2 wins
[ ][ ][ ],10,1,Player 2 wins
[ ][ ][ ],10,1,Player 9 wins
[ ][ ][ ],10,1,Player 9 wins
[ ][ ][ ],10,1,Player 9 wins
[ ][ ][ ],10,1,Player 0 wins
[ ][ ][ ],10,1,Player 0 wins
[ ][ ][ ],10,3,Player 9 wins
[ ][ ][ ],10,1,Player 6 wins
[ ][ ][ ],10,1,Player 6 wins
[ ][ ][ ],10,2,Player 7 wins
[ ][ ][ ],10,1,Player 3 wins
[ ][ ][ ],10,1,Player 3 wins
[ ][ ][ ],10,1,Player 1 wins
[ ][ ][ ],10,1,Player 1 wins
[ ][ ][ ],10,1,Player 9 wins
[ ][ ][ ],10,1,Player 9 wins
[ ][ ][ ],10,1,Player 2 wins
[ ][ ][ ],10,1,Player 2 wins
[ ][ ][ ],10,2,Player 2 wins
[ ][ ][ ],10,2,Player 2 wins
[ ][ ][ ],10,1,Player 3 wins
[ ][ ][ ],10,1,Player 0 wins
[ ][ ][ ],10,1,Player 0 wins
[ ][ ][ ],10,1,Player 0 wins
[ ][ ][ ],10,3,Player 6 wins
[ ][ ][ ],10,1,Player 7 wins
[ ][ ][ ],10,1,Player 7 wins
[ ][ ][ ],10,1,Player 5 wins
[ ][ ][ ],10,1,Player 5 wins
[ ][ ][ ],10,1,Player 4 wins
[ ][ ][ ],10,1,Player 1 wins
[ ][ ][ ],10,1,Player 1 wins
[ ][ ][ ],10,1,Player 1 wins
[ ][ ][ ],10,1,Player 9 wins
[ ][ ][ ],10,1,Player 9 wins
[ ][ ][ ],10,1,Player 9 wins
[ ][ ][ ],10,1,Player 0 wins
[ ][ ][ ],10,1,Player 0 wins
[ ][ ][ ],10,1,Player 4 wins
[ ][ ][ ],10,1,Player 4 wins
[ ][ ][ ],10,1,Player 4 wins
[ ][ ][ ],10,1,Player 4 wins
[ ][ ][ ],10,1,Player 4 wins
[ ][ ][ ],10,1,Player 4 wins
[ ][ ][ ],10,1,Player 4 wins
[ ][ ][ ],10,1,Player 2 wins
[ ][ ][ ],10,1,Player 2 wins
[ ][ ][ ],10,1,Player 2 wins
[ ][ ][ ],10,1,Player 0 wins
[ ][ ][ ],10,1,Player 0 wins
[ ][ ][ ],10,1,Player 7 wins
[ ][ ][ ],10,1,Player 7 wins
[ ][ ][ ],10,1,Player 4 wins
[ ][ ][ ],10,1,Player 4 wins
[ ][ ][ ],10,2,Player 1 wins
[ ][ ][ ],10,2,Player 1 wins
[ ][ ][ ],10,2,Player 1 wins
[ ][ ][ ],10,1,Player 8 wins
[ ][ ][ ],10,1,Player 1 wins
[ ][ ][ ],10,1,Player 1 wins
[ ][ ][ ],10,1,Player 1 wins
[ ][ ][ ],10,1,Player 1 wins
[ ][ ][ ],10,1,Player 1 wins
[ ][ ][ ],10,1,Player 6 wins
[ ][ ][ ],10,1,Player 6 wins
[ ][ ][ ],10,2,Player 4 wins
[ ][ ][ ],10,3,Player 8 wins
[ ][ ][ ],10,3,Player 8 wins
[ ][ ][ ],10,3,Player 8 wins
[ ][ ][ ],10,2,Player 9 wins
[ ][ ][ ],10,2,Player 9 wins
[ ][ ][ ],10,2,Player 9 wins
[ ][ ][ ],10,1,Player 2 wins
[ ][ ][ ],10,1,Player 0 wins
[ ][ ][ ],10,1,Player 0 wins
[ ][ ][ ],10,2,Player 6 wins
[ ][ ][ ],10,2,Player 6 wins
[ ][ ][ ],10,1,Player 1 wins
[ ][ ][ ],10,2,Player 8 wins
[ ][ ][ ],10,1,Player 3 wins
[ ][ ][ ],10,1,Player 3 wins
[ ][ ][ ],10,2,Player 7 wins
[ ][ ][ ],10,1,Player 7 wins
[ ][ ][ ],10,1,Player 3 wins
[ ][ ][ ],10,1,Player 3 wins
[ ][ ][ ],10,1,Player 3 wins
[ ][ ][ ],10,1,Player 1 wins
[ ][ ][ ],10,1,Player 1 wins
[ ][ ][ ],10,1,Player 2 wins
[ ][ ][ ],10,1,Player 2 wins
[ ][ ][ ],10,2,Player 2 wins
[ ][ ][ ],10,2,Player 2 wins
[ ][ ][ ],10,1,Player 8 wins
[ ][ ][ ],10,1,Player 8 wins
[ ][ ][ ],10,1,Player 3 wins
[ ][ ][ ],10,1,Player 3 wins
[ ][ ][ ],10,1,Player 2 wins
[ ][ ][ ],10,2,Player 0 wins
[ ][ ][ ],10,2,Player 0 wins
[ ][ ][ ],10,1,Player 2 wins
[ ][ ][ ],10,1,Player 1 wins
[ ][ ][ ],10,2,Player 2 wins
[ ][ ][ ],10,2,Player 2 wins
[ ][ ][ ],10,1,Player 5 wins
[ ][ ][ ],10,1,Player 4 wins
[ ][ ][ ],10,1,Player 4 wins
[ ][ ][ ],10,2,Player 8 wins
[ ][ ][ ],10,2,Player 8 wins
[ ][ ][ ],10,1,Player 4 wins
[ ][ ][ ],10,1,Player 4 wins
[ ][ ][ ],10,1,Player 1 wins
[ ][ ][ ],10,1,Player 2 wins
[ ][ ][ ],10,1,Player 2 wins
[ ][ ][ ],10,2,Player 1 wins
[ ][ ][ ],10,2,Player 1 wins
[ ][ ][ ],10,1,Player 4 wins
[ ][ ][ ],10,1,Player 4 wins
[ ][ ][ ],10,1,Player 4 wins
[ ][ ][ ],10,1,Player 9 wins
[ ][ ][ ],10,1,Player 9 wins
[ ][ ][ ],10,1,Player 9 wins
[ ][ ][ ],10,1,Player 3 wins
[ ][ ][ ],10,1,Player 3 wins
[ ][ ][ ],10,1,Player 7 wins
[ ][ ][ ],10,1,Player 7 wins
[ ][ ][ ],10,1,Player 7 wins
[ ][ ][ ],10,1,Player 4 wins
[ ][ ][ ],10,1,Player 4 wins
[ ][ ][ ],10,1,Player 0 wins
[ ][ ][ ],10,1,Player 0 wins
[ ][ ][ ],10,1,Player 0 wins
[ ][ ][ ],10,1,Player 0 wins
[ ][ ][ ],10,1,Player 1 wins
[ ][ ][ ],10,1,Player 1 wins
[ ][ ][ ],10,1,Player 1 wins
[ ][ ][ ],10,2,Player 9 wins
[ ][ ][ ],10,2,Player 9 wins
[ ][ ][ ],10,1,Player 1 wins
[ ][ ][ ],10,1,Player 4 wins
[ ][ ][ ],10,1,Player 4 wins
[ ][ ][ ],10,1,Player 4 wins
[ ][ ][ ],10,1,Player 1 wins
[ ][ ][ ],10,1,Player 1 wins
[ ][ ][ ],10,1,Player 1 wins
[ ][ ][ ],10,1,Player 1 wins
[ ][ ][ ],10,1,Player 1 wins
[ ][ ][ ],10,1,Player 1 wins
[ ][ ][ ],10,1,Player 1 wins
[ ][ ][ ],10,1,Player 1 wins
[ ][ ][ ],10,2,Player 2 wins
[ ][ ][ ],10,2,Player 2 wins
[ ][ ][ ],10,1,Player 2 wins
[ ][ ][ ],10,1,Player 2 wins
[ ][ ][ ],10,2,Player 8 wins
[ ][ ][ ],10,2,Player 8 wins
[ ][ ][ ],10,1,Player 1 wins
[ ][ ][ ],10,1,Player 1 wins
[ ][ ][ ],10,1,Player 1 wins
[ ][ ][ ],10,1,Player 4 wins
[ ][ ][ ],10,1,Player 6 wins
[ ][ ][ ],10,1,Player 6 wins
[ ][ ][ ],10,1,Player 0 wins
[ ][ ][ ],10,1,Player 0 wins
[ ][ ][ ],10,2,Player 4 wins
[ ][ ][ ],10,2,Player 4 wins
[ ][ ][ ],10,1,Player 2 wins
[ ][ ][ ],10,1,Player 2 wins
[ ][ ][ ],10,1,Player 2 wins
[ ][ ][ ],10,1,Player 4 wins
[ ][ ][ ],10,1,Player 4 wins
[ ][ ][ ],10,1,Player 4 wins
[ ][ ][ ],10,2,Player 3 wins
[ ][ ][ ],10,2,Player 3 wins
[ ][ ][ ],10,2,Player 0 wins
[ ][ ][ ],10,1,Player 1 wins
[ ][ ][ ],10,1,Player 1 wins
[ ][ ][ ],10,1,Player 1 wins
[ ][ ][ ],10,1,Player 6 wins
[ ][ ][ ],10,1,Player 6 wins
[ ][ ][ ],10,2,Player 7 wins
[*][ ][ ],2,9,Player 1 wins
[*][ ][ ],2,7,Player 0 wins
